encounter_id,ship_role,mmsi,timestamp,lon,lat,sog,cog,heading,rot,status,shiptype
0,GW,219230000,64.629,12.621915817894266,56.0329239378507,9.0,80.9,0,0,0,73
0,GW,219230000,85.263,12.623437129279532,56.03306044421476,9.2,83.5,0,0,0,73
0,GW,219230000,104.988,12.62493694501843,56.03315625383918,9.3,87.0,0,0,0,73
0,GW,219230000,123.771,12.626373869368264,56.03319882545224,9.5,90.1,0,0,0,73
0,GW,219230000,142.026,12.627808011891174,56.03319736185053,9.9,92.4,0,0,0,73
0,GW,219230000,160.137,12.62928410161628,56.03316258755637,10.0,93.3,0,0,0,73
0,GW,219230000,178.245,12.630777619552084,56.033114044875084,9.8,93.1,0,0,0,73
0,GW,219230000,196.447,12.63225943694752,56.033069917905166,9.7,92.6,0,0,0,73
0,GW,219230000,214.818,12.633739039011113,56.03303272042448,9.7,92.3,0,0,0,73
0,GW,219230000,233.407,12.635236014568559,56.03299977966533,9.7,92.1,0,0,0,73
0,GW,219230000,252.089,12.636737248649258,56.03296936784888,9.6,92.0,0,0,0,73
0,GW,219230000,270.657,12.638212972076097,56.03294033179058,9.5,91.9,0,0,0,73
0,GW,219230000,289.129,12.63966225748887,56.03291335293075,9.4,91.6,0,0,0,73
0,GW,219230000,307.706,12.641106914744242,56.03289061141687,9.3,91.3,0,0,0,73
0,GW,219230000,326.467,12.642558752818319,56.032871524191634,9.3,91.4,0,0,0,73
0,GW,219230000,345.328,12.644016484134495,56.032851722780705,9.3,91.4,0,0,0,73
0,GW,219230000,364.266,12.64547432664099,56.032831814883934,9.1,90.7,0,0,0,73
0,GW,219230000,383.38,12.646918825922338,56.03282216376451,9.0,89.1,0,0,0,73
0,GW,219230000,402.616,12.648349688453068,56.032834510338354,9.3,86.9,0,0,0,73
0,GW,219230000,421.53,12.649802101370426,56.03287886509094,9.8,84.7,0,0,0,73
0,GW,219230000,439.985,12.651292207382221,56.032956715058354,9.6,83.2,0,0,0,73
0,GW,219230000,459.004,12.652788151163644,56.03305583826308,8.6,82.1,0,0,0,73
0,GW,219230000,479.347,12.654230978726293,56.03316705471597,8.4,80.1,0,0,0,73
0,GW,219230000,499.497,12.655618345525633,56.03330172718164,9.1,77.6,0,0,0,73
0,GW,219230000,518.144,12.656992897804004,56.03347040517717,9.6,74.7,0,0,0,73
0,GW,219230000,537.733,12.658499151380541,56.03370027461236,9.8,71.1,0,0,0,73
0,GW,219230000,560.873,12.660267198021565,56.03403940984823,9.7,68.3,0,0,0,73
0,GW,219230000,585.495,12.662102906762051,56.034446756654035,9.5,67.5,0,0,0,73
0,GW,219230000,608.392,12.66376275976044,56.034830144349186,9.3,67.7,0,0,0,73
0,GW,219230000,629.636,12.665270577047155,56.03517619622319,9.1,68.2,0,0,0,73
0,GW,219230000,650.688,12.66674745612391,56.03550632239299,9.1,68.6,0,0,0,73
0,GW,219230000,672.273,12.668256559257863,56.03583701577069,9.1,68.3,0,0,0,73
0,GW,219230000,694.38,12.66980950299993,56.03618267462592,9.3,67.2,0,0,0,73
0,GW,219230000,716.97,12.67141768646178,56.036559783794914,9.7,65.5,0,0,0,73
0,SO,257436000,64.629,12.684392579129367,56.00461451421312,13.9,341.1,0,0,0,77
0,SO,257436000,85.263,12.68362530124682,56.005865919650304,14.3,341.1,0,0,0,77
0,SO,257436000,104.988,12.682868016424926,56.0070990379794,14.8,341.2,0,0,0,77
0,SO,257436000,123.771,12.682129534659316,56.0083145379972,14.8,341.4,0,0,0,77
0,SO,257436000,142.026,12.681417569518825,56.009496944350765,14.4,341.5,0,0,0,77
0,SO,257436000,160.137,12.680731563052413,56.010643635187385,14.2,341.6,0,0,0,77
0,SO,257436000,178.245,12.680056921301507,56.01177473110775,14.2,341.6,0,0,0,77
0,SO,257436000,196.447,12.679379578877477,56.0129105896487,14.2,341.6,0,0,0,77
0,SO,257436000,214.818,12.678701132306236,56.01405220085626,14.0,341.8,0,0,0,77
0,SO,257436000,233.407,12.678027797301354,56.01519462547729,14.0,341.9,0,0,0,77
0,SO,257436000,252.089,12.677355082248514,56.016343217427384,14.3,341.9,0,0,0,77
0,SO,257436000,270.657,12.6766725862194,56.01750871710519,14.5,341.8,0,0,0,77
0,SO,257436000,289.129,12.675978968664792,56.0186891673078,14.5,341.7,0,0,0,77
0,SO,257436000,307.706,12.675279593884008,56.0198734642404,14.3,341.7,0,0,0,77
0,SO,257436000,326.467,12.674578931073071,56.02105523804874,14.2,341.7,0,0,0,77
0,SO,257436000,345.328,12.67388010514054,56.022234718686704,14.2,341.7,0,0,0,77
0,SO,257436000,364.266,12.673181004902869,56.02341709992386,14.3,341.7,0,0,0,77
0,SO,257436000,383.38,12.672470569029418,56.02461491275024,14.4,341.5,0,0,0,77
0,SO,257436000,402.616,12.671743755118948,56.02583116172015,14.6,341.4,0,0,0,77
0,SO,257436000,421.53,12.671013356892324,56.02704332272956,14.8,341.4,0,0,0,77
0,SO,257436000,439.985,12.670291261348355,56.028239646519154,14.6,341.8,0,0,0,77
0,SO,257436000,459.004,12.66957399416504,56.029460038110415,14.1,342.8,0,0,0,77
0,SO,257436000,479.347,12.668871621990194,56.03072823683661,14.0,343.6,0,0,0,77
0,SO,257436000,499.497,12.668213102344293,56.031980360318414,14.3,344.0,0,0,0,77
0,SO,257436000,518.144,12.667603422606465,56.033170491407276,14.6,344.4,0,0,0,77
0,SO,257436000,537.733,12.666966515391465,56.034446676207864,14.7,344.9,0,0,0,77
0,SO,257436000,560.873,12.666232289291603,56.03596509118442,14.7,344.8,0,0,0,77
0,SO,257436000,585.495,12.665448823185807,56.03757938517248,14.6,344.2,0,0,0,77
0,SO,257436000,608.392,12.664691798614973,56.03907095380643,14.6,344.2,0,0,0,77
0,SO,257436000,629.636,12.66399258449057,56.04044712775159,14.4,345.2,0,0,0,77
0,SO,257436000,650.688,12.663347557757913,56.04180726314353,14.3,346.1,0,0,0,77
0,SO,257436000,672.273,12.662732976339933,56.043198186927015,14.3,346.0,0,0,0,77
0,SO,257436000,694.38,12.662099971812262,56.044615166660165,14.3,344.6,0,0,0,77
0,SO,257436000,716.97,12.661390907208562,56.04605099726651,14.3,341.8,0,0,0,77
1,GW,265041000,29.358,12.618539278361412,56.03269420569585,5.4,76.6,0,0,0,73
1,GW,265041000,57.036,12.619737885308465,56.03285377600586,6.7,74.1,0,0,0,73
1,GW,265041000,83.433,12.621154056497833,56.03307922049935,7.8,72.9,0,0,0,73
1,GW,265041000,108.947,12.622732998056714,56.033350928590174,8.7,72.3,0,0,0,73
1,GW,265041000,133.956,12.62444035013537,56.03365527244102,9.2,72.2,0,0,0,73
1,GW,265041000,158.502,12.626214670447165,56.033973771558514,9.3,72.5,0,0,0,73
1,GW,265041000,182.362,12.627970277368298,56.03428388696421,9.4,72.6,0,0,0,73
1,GW,265041000,205.754,12.629705795637769,56.0345882199077,9.6,72.1,0,0,0,73
1,GW,265041000,229.31,12.631494803683372,56.03491069003484,9.9,72.1,0,0,0,73
1,GW,265041000,253.106,12.63334900429537,56.03524527001256,9.9,73.8,0,0,0,73
1,GW,265041000,276.464,12.635188889785926,56.035544406190894,9.8,76.9,0,0,0,73
1,GW,265041000,299.015,12.636963943640804,56.03577533223826,9.6,80.9,0,0,0,73
1,GW,265041000,321.037,12.638688560864296,56.03592953031493,9.4,85.1,0,0,0,73
1,GW,265041000,342.803,12.64038315805162,56.03601026904043,9.4,87.1,0,0,0,73
1,GW,265041000,364.331,12.642064029168163,56.03605860184786,9.6,86.4,0,0,0,73
1,GW,265041000,385.62,12.643745852716462,56.03611778593016,9.6,85.3,0,0,0,73
1,GW,265041000,406.983,12.645444245074671,56.03619537035357,9.6,84.9,0,0,0,73
1,GW,265041000,428.886,12.647174397672702,56.0362812302699,9.5,84.9,0,0,0,73
1,GW,265041000,451.207,12.648918062153948,56.03636883232668,9.4,84.7,0,0,0,73
1,GW,265041000,473.059,12.650617757762113,56.03645699089839,9.4,84.5,0,0,0,73
1,GW,265041000,493.894,12.652240510501477,56.03654354430151,9.5,84.8,0,0,0,73
1,GW,265041000,514.187,12.653823887584048,56.036624612852336,9.5,85.3,0,0,0,73
1,GW,265041000,534.55,12.655413611642238,56.03669787598004,9.4,85.1,0,0,0,73
1,GW,265041000,555.323,12.657019018479494,56.036774605298845,9.1,83.6,0,0,0,73
1,GW,265041000,576.697,12.658626358664506,56.03687582281448,8.9,81.2,0,0,0,73
1,GW,265041000,599.12,12.660260060018535,56.037017912273924,8.9,79.1,0,0,0,73
1,GW,265041000,623.47,12.662019608224393,56.03720670208077,9.1,77.8,0,0,0,73
1,GW,265041000,649.916,12.663958104519567,56.03744044597801,9.2,77.2,0,0,0,73
1,GW,265041000,676.632,12.665943704680583,56.03769198548643,9.3,77.3,0,0,0,73
1,GW,265041000,701.851,12.667831655127213,56.03792967335342,9.2,77.8,0,0,0,73
1,GW,265041000,726.129,12.669635980989353,56.03814725224756,9.0,78.7,0,0,0,73
1,GW,265041000,750.639,12.671420755163844,56.038347198222546,8.9,79.4,0,0,0,73
1,GW,265041000,775.063,12.673184240644412,56.038532221760306,9.0,79.7,0,0,0,73
1,GW,265041000,798.489,12.674898247451772,56.03870651357248,9.3,79.6,0,0,0,73
1,SO,219027463,29.358,12.68600713060962,56.00745300570114,11.7,342.4,0,0,0,77
1,SO,219027463,57.036,12.685198862935167,56.0088808606591,11.8,342.3,0,0,0,77
1,SO,219027463,83.433,12.684413778275742,56.010255517499836,11.9,342.5,0,0,0,77
1,SO,219027463,108.947,12.68366016271959,56.011589687874604,11.8,342.9,0,0,0,77
1,SO,219027463,133.956,12.682941728004582,56.01289745947943,11.9,343.1,0,0,0,77
1,SO,219027463,158.502,12.682241816262986,56.01418844095606,12.1,342.7,0,0,0,77
1,SO,219027463,182.362,12.681531411033106,56.015465882677375,12.2,342.2,0,0,0,77
1,SO,219027463,205.754,12.680806020504809,56.01672510416523,11.9,341.7,0,0,0,77
1,SO,219027463,229.31,12.680078292951693,56.01795784349686,11.6,341.6,0,0,0,77
1,SO,219027463,253.106,12.679360692195237,56.0191646726015,11.6,342.0,0,0,0,77
1,SO,219027463,276.464,12.67866395848528,56.02036181561072,12.0,342.5,0,0,0,77
1,SO,219027463,299.015,12.677991819403568,56.021554751191786,12.1,342.8,0,0,0,77
1,SO,219027463,321.037,12.677336037591864,56.022736204741136,12.1,342.7,0,0,0,77
1,SO,219027463,342.803,12.676687203389736,56.0239016741344,12.1,342.4,0,0,0,77
1,SO,219027463,364.331,12.676036806877994,56.02504776359025,12.0,341.9,0,0,0,77
1,SO,219027463,385.62,12.675378333077482,56.02617309558254,11.9,341.7,0,0,0,77
1,SO,219027463,406.983,12.67471728295873,56.027292236367835,11.8,342.2,0,0,0,77
1,SO,219027463,428.886,12.674066502183571,56.02842687877494,11.6,342.8,0,0,0,77
1,SO,219027463,451.207,12.673430131815309,56.0295750128622,11.7,342.6,0,0,0,77
1,SO,219027463,473.059,12.672795011139465,56.03070541333484,11.9,342.1,0,0,0,77
1,SO,219027463,493.894,12.672163253674809,56.03179966765751,12.1,342.9,0,0,0,77
1,SO,219027463,514.187,12.671565280247691,56.03288291229571,12.1,344.8,0,0,0,77
1,SO,219027463,534.55,12.67102876629985,56.03398711861187,12.1,347.0,0,0,0,77
1,SO,219027463,555.323,12.670557755534777,56.0351234902437,12.0,348.8,0,0,0,77
1,SO,219027463,576.697,12.670142663751571,56.03629026826796,11.9,349.9,0,0,0,77
1,SO,219027463,599.12,12.669755107150552,56.03750714270234,12.0,349.8,0,0,0,77
1,SO,219027463,623.47,12.66932638366312,56.03883418653967,12.2,348.7,0,0,0,77
1,SO,219027463,649.916,12.668806843003608,56.04029235182884,12.2,348.7,0,0,0,77
1,SO,219027463,676.632,12.6682772705353,56.04176998995841,12.1,349.5,0,0,0,77
1,SO,219027463,701.851,12.667815820926108,56.043155025661505,12.0,348.4,0,0,0,77
1,SO,219027463,726.129,12.667331152741056,56.04447704552229,12.1,345.1,0,0,0,77
1,SO,219027463,750.639,12.666699611712886,56.04580145575448,12.2,341.7,0,0,0,77
1,SO,219027463,775.063,12.6659237541125,56.047108015749494,12.2,339.0,0,0,0,77
1,SO,219027463,798.489,12.665073419547204,56.048344593999026,12.2,337.1,0,0,0,77
2,GW,265041000,100.373,12.622369309486794,56.03367146973938,9.6,63.5,0,0,0,73
2,GW,265041000,123.814,12.62402990388372,56.03413356151072,10.1,63.6,0,0,0,73
2,GW,265041000,146.853,12.625763792595055,56.034614199054644,9.8,63.0,0,0,0,73
2,GW,265041000,170.387,12.627472502115527,56.03510016095252,9.5,64.2,0,0,0,73
2,GW,265041000,194.163,12.629149827172261,56.03555411270575,10.0,69.4,0,0,0,73
2,GW,265041000,216.574,12.630894552787884,56.035920388867254,10.9,74.9,0,0,0,73
2,GW,265041000,236.891,12.632663471495546,56.03618750675946,10.8,78.1,0,0,0,73
2,GW,265041000,255.989,12.634335872748457,56.03638510921682,10.3,80.1,0,0,0,73
2,GW,265041000,274.679,12.635898997950836,56.03653783715398,10.0,81.3,0,0,0,73
2,GW,265041000,293.417,12.637430659723684,56.03666929380913,9.8,81.6,0,0,0,73
2,GW,265041000,312.619,12.638977286360266,56.03679711244257,9.2,81.2,0,0,0,73
2,GW,265041000,332.686,12.640491136303076,56.03692836626225,8.2,80.1,0,0,0,73
2,GW,265041000,353.941,12.641915463984015,56.03706665849943,7.4,79.4,0,0,0,73
2,GW,265041000,376.508,12.64326857416936,56.037208391355584,6.8,79.4,0,0,0,73
2,GW,265041000,400.35,12.64459183926521,56.03734668836842,6.6,80.3,0,0,0,73
2,GW,265041000,424.635,12.645903179910432,56.03747232445694,6.8,81.8,0,0,0,73
2,GW,265041000,448.351,12.647218635818874,56.03757789819172,7.1,83.8,0,0,0,73
2,GW,265041000,471.498,12.648576344781162,56.03765997619743,7.6,86.0,0,0,0,73
2,GW,265041000,494.525,12.650023676804182,56.03771631656869,8.1,87.4,0,0,0,73
2,GW,265041000,517.323,12.65154353538501,56.03775446107016,8.4,87.7,0,0,0,73
2,GW,265041000,539.393,12.653068781093925,56.03778901953083,8.5,87.7,0,0,0,73
2,GW,265041000,560.34,12.654543420824863,56.03782279582221,8.6,88.2,0,0,0,73
2,GW,265041000,579.904,12.65592968668871,56.03784748302427,8.6,89.0,0,0,0,73
2,GW,265041000,598.231,12.657227307109686,56.03786076025342,8.6,89.0,0,0,0,73
2,GW,265041000,617.081,12.658565970644874,56.03787423563158,8.7,87.9,0,0,0,73
2,GW,265041000,638.177,12.660078869073272,56.03790481371208,8.8,86.0,0,0,0,73
2,GW,265041000,660.469,12.661701135365437,56.03796873380878,9.0,83.4,0,0,0,73
2,GW,265041000,681.921,12.663288926360533,56.03807158612275,9.1,81.9,0,0,0,73
2,GW,265041000,701.864,12.664773610767575,56.03819004151222,9.0,82.3,0,0,0,73
2,GW,265041000,720.791,12.6661646568056,56.03829475222478,8.8,83.3,0,0,0,73
2,GW,265041000,739.34,12.667503960333981,56.038382129461915,8.7,83.9,0,0,0,73
2,GW,265041000,758.237,12.668851455530149,56.03846319490397,8.6,83.8,0,0,0,73
2,GW,265041000,778.214,12.670266198618513,56.03854914801318,8.6,83.0,0,0,0,73
2,SO,231201000,100.373,12.683923700978875,56.00671429205318,13.8,341.4,0,0,0,84
2,SO,231201000,123.814,12.683067956563015,56.00813696212994,13.8,341.5,0,0,0,84
2,SO,231201000,146.853,12.682233007456672,56.00953489461374,13.7,341.9,0,0,0,84
2,SO,231201000,170.387,12.681406016613098,56.01094975803013,13.5,342.3,0,0,0,84
2,SO,231201000,194.163,12.680597263545742,56.01236907185436,13.6,342.5,0,0,0,84
2,SO,231201000,216.574,12.679838562595227,56.01371803663896,13.9,342.6,0,0,0,84
2,SO,231201000,236.891,12.67913876177009,56.01496618995295,14.3,342.6,0,0,0,84
2,SO,231201000,255.989,12.678463033746137,56.01617190645974,14.5,342.9,0,0,0,84
2,SO,231201000,274.679,12.677804339884142,56.017370464132135,14.1,344.1,0,0,0,84
2,SO,231201000,293.417,12.677207597003486,56.018544489542364,13.4,346.1,0,0,0,84
2,SO,231201000,312.619,12.67669508268891,56.01970011850642,13.4,347.6,0,0,0,84
2,SO,231201000,332.686,12.676214574380518,56.0209183929465,14.0,348.3,0,0,0,84
2,SO,231201000,353.941,12.675714164575655,56.02226836421759,14.1,348.6,0,0,0,84
2,SO,231201000,376.508,12.675194488531078,56.02371375089561,13.6,348.7,0,0,0,84
2,SO,231201000,400.35,12.674667355034419,56.02518831361434,13.6,348.7,0,0,0,84
2,SO,231201000,424.635,12.674129631417491,56.026686531934395,14.3,348.5,0,0,0,84
2,SO,231201000,448.351,12.673570808497436,56.02822580375072,14.6,347.9,0,0,0,84
2,SO,231201000,471.498,12.672984790401337,56.029750851047666,13.9,346.4,0,0,0,84
2,SO,231201000,494.525,12.672363162350887,56.03119006310682,13.3,344.5,0,0,0,84
2,SO,231201000,517.323,12.671691324266531,56.0325432487348,13.5,342.7,0,0,0,84
2,SO,231201000,539.393,12.67095819911906,56.03385689178001,13.9,341.4,0,0,0,84
2,SO,231201000,560.34,12.670190389679094,56.03513436460904,14.1,340.9,0,0,0,84
2,SO,231201000,579.904,12.66944411059544,56.036337633380015,14.0,340.8,0,0,0,84
2,SO,231201000,598.231,12.668744498764584,56.037460174437264,13.9,340.8,0,0,0,84
2,SO,231201000,617.081,12.668027795920226,56.03860762670743,13.9,340.7,0,0,0,84
2,SO,231201000,638.177,12.667225753646928,56.039884840171545,13.9,340.5,0,0,0,84
2,SO,231201000,660.469,12.666370014041249,56.04123532855525,14.0,340.3,0,0,0,84
2,SO,231201000,681.921,12.665529243727471,56.042546535754866,14.2,340.1,0,0,0,84
2,SO,231201000,701.864,12.664731596778216,56.04377754582403,14.3,340.0,0,0,0,84
2,SO,231201000,720.791,12.663965115206443,56.04495232231254,14.3,339.9,0,0,0,84
2,SO,231201000,739.34,12.663207432248875,56.04610650048206,14.3,339.7,0,0,0,84
2,SO,231201000,758.237,12.662429555468595,56.04728263735648,14.3,339.6,0,0,0,84
2,SO,231201000,778.214,12.66160132287762,56.04852343155395,14.3,339.3,0,0,0,84
3,GW,219230000,0.0,12.617536398399157,56.03261051319676,3.0,85.9,0,0,0,73
3,GW,219230000,31.861,12.618332008959424,56.032642365722545,5.5,74.5,0,0,0,73
3,GW,219230000,60.443,12.619588038365345,56.03283680277974,7.4,72.2,0,0,0,73
3,GW,219230000,86.436,12.621109349001726,56.03311013641795,8.9,72.0,0,0,0,73
3,GW,219230000,110.532,12.62279084053295,56.03341490151112,9.8,72.5,0,0,0,73
3,GW,219230000,133.377,12.624562891763427,56.033726658343724,10.0,72.3,0,0,0,73
3,GW,219230000,155.448,12.626309397991907,56.034037845404356,9.6,71.7,0,0,0,73
3,GW,219230000,177.104,12.627947609451585,56.03433976738302,9.7,75.0,0,0,0,73
3,GW,219230000,198.103,12.629571322751328,56.03458285054714,10.7,82.3,0,0,0,73
3,GW,219230000,217.944,12.63131124683952,56.03471368848973,11.7,88.7,0,0,0,73
3,GW,219230000,236.801,12.633136711705495,56.03473705721018,11.3,92.4,0,0,0,73
3,GW,219230000,255.696,12.634909434851755,56.03469541631886,10.4,94.8,0,0,0,73
3,GW,219230000,275.121,12.636570704448618,56.034617393264405,10.2,95.6,0,0,0,73
3,GW,219230000,294.572,12.638211509565442,56.03452780504316,10.7,95.1,0,0,0,73
3,GW,219230000,313.682,12.639896005695736,56.03444298072926,10.9,95.1,0,0,0,73
3,GW,219230000,332.564,12.641591596502693,56.03435917278269,10.8,95.1,0,0,0,73
3,GW,219230000,351.387,12.6432715994488,56.034275366913405,10.7,94.4,0,0,0,73
3,GW,219230000,370.335,12.644946645273404,56.034203577194404,10.6,92.7,0,0,0,73
3,GW,219230000,389.532,12.646629769624266,56.03415963844695,10.6,89.8,0,0,0,73
3,GW,219230000,408.871,12.648322931578189,56.034162933001866,10.7,86.3,0,0,0,73
3,GW,219230000,428.252,12.650030862728373,56.03422445444367,10.8,84.7,0,0,0,73
3,GW,219230000,447.866,12.651781687778708,56.034314587137025,11.0,85.2,0,0,0,73
3,GW,219230000,467.984,12.653605725452362,56.03439972742078,11.0,84.6,0,0,0,73
3,GW,219230000,488.834,12.65549657066808,56.03449924756108,10.8,81.7,0,0,0,73
3,GW,219230000,510.616,12.657428226872138,56.03465748270494,10.7,78.0,0,0,0,73
3,GW,219230000,533.107,12.659385805599515,56.03489028187491,11.0,75.9,0,0,0,73
3,GW,219230000,555.646,12.66138087471532,56.03516935552089,11.3,75.3,0,0,0,73
3,GW,219230000,577.672,12.663381073158622,56.035461883348574,11.2,75.2,0,0,0,73
3,GW,219230000,598.864,12.665273433407132,56.03574193547104,10.7,75.3,0,0,0,73
3,GW,219230000,619.075,12.666998431151848,56.035995565158714,10.7,75.4,0,0,0,73
3,GW,219230000,638.856,12.668701472510017,56.036243405134165,11.4,75.5,0,0,0,73
3,GW,219230000,658.86,12.670528089218934,56.0365069627865,11.4,75.6,0,0,0,73
3,GW,219230000,679.239,12.672386039291146,56.03677273911547,10.3,75.8,0,0,0,73
3,SO,258761000,0.0,12.684658373298385,56.011371702392495,12.2,342.3,0,0,0,84
3,SO,258761000,31.861,12.683676980014466,56.01308730107781,12.2,341.0,0,0,0,84
3,SO,258761000,60.443,12.682735033420682,56.01461708290974,12.2,340.3,0,0,0,84
3,SO,258761000,86.436,12.681849502329143,56.01599721808719,12.1,339.9,0,0,0,84
3,SO,258761000,110.532,12.681020758299034,56.01726451221974,12.0,339.8,0,0,0,84
3,SO,258761000,133.377,12.680235865945521,56.018458830147196,12.2,339.8,0,0,0,84
3,SO,258761000,155.448,12.679463611207572,56.019629971003454,12.6,339.8,0,0,0,84
3,SO,258761000,177.104,12.67868100270086,56.020816239084,12.7,340.3,0,0,0,84
3,SO,258761000,198.103,12.677938453086357,56.021975786291286,12.2,341.6,0,0,0,84
3,SO,258761000,217.944,12.677305785212145,56.02303964767598,11.8,342.8,0,0,0,84
3,SO,258761000,236.801,12.676759374589768,56.02402453080706,12.1,342.5,0,0,0,84
3,SO,258761000,255.696,12.676188963298177,56.02503585224719,12.7,341.7,0,0,0,84
3,SO,258761000,275.121,12.675545810945746,56.02612046276365,12.8,341.6,0,0,0,84
3,SO,258761000,294.572,12.67489754231007,56.02721127612271,12.4,342.0,0,0,0,84
3,SO,258761000,313.682,12.674290757143465,56.02825781748143,12.2,342.0,0,0,0,84
3,SO,258761000,332.564,12.673702238767396,56.02926993429691,12.1,341.6,0,0,0,84
3,SO,258761000,351.387,12.67310675837597,56.030271350913814,12.5,341.6,0,0,0,84
3,SO,258761000,370.335,12.672490558002,56.03130753064271,13.0,341.9,0,0,0,84
3,SO,258761000,389.532,12.67184848654769,56.03240808024308,13.1,342.1,0,0,0,84
3,SO,258761000,408.871,12.671203882537947,56.03352048727248,12.5,342.0,0,0,0,84
3,SO,258761000,428.252,12.67058010304931,56.034589931360706,12.3,342.1,0,0,0,84
3,SO,258761000,447.866,12.66996492204123,56.03565437502836,12.6,342.5,0,0,0,84
3,SO,258761000,467.984,12.669334615993957,56.03677169039487,12.8,342.2,0,0,0,84
3,SO,258761000,488.834,12.668660162516057,56.037943393642735,12.6,340.7,0,0,0,84
3,SO,258761000,510.616,12.6679073629335,56.03914548597605,12.4,339.1,0,0,0,84
3,SO,258761000,533.107,12.667080512269358,56.04035535078182,12.4,338.6,0,0,0,84
3,SO,258761000,555.646,12.666234546706887,56.04156205784324,12.5,338.7,0,0,0,84
3,SO,258761000,577.672,12.66540273004262,56.04275349044403,12.7,338.1,0,0,0,84
3,SO,258761000,598.864,12.664568893176527,56.043910787716015,12.9,337.0,0,0,0,84
3,SO,258761000,619.075,12.66372483063503,56.04501954274728,12.8,336.4,0,0,0,84
3,SO,258761000,638.856,12.662888017383004,56.04609149645558,12.5,336.7,0,0,0,84
3,SO,258761000,658.86,12.662070603076549,56.04715091055904,12.6,337.3,0,0,0,84
3,SO,258761000,679.239,12.661252517068288,56.04824475431233,13.3,338.2,0,0,0,84
4,GW,219230000,135.345,12.625604271669236,56.033671675417764,8.8,83.0,0,0,0,73
4,GW,219230000,153.046,12.626884098937419,56.03375943619032,9.5,84.3,0,0,0,73
4,GW,219230000,170.244,12.62822496679996,56.03383468763259,10.4,84.3,0,0,0,73
4,GW,219230000,186.974,12.62965259934554,56.033913963247905,10.7,84.3,0,0,0,73
4,GW,219230000,203.571,12.6311171782975,56.03399615429178,10.4,84.3,0,0,0,73
4,GW,219230000,220.415,12.632560658325234,56.03407696184209,10.0,84.2,0,0,0,73
4,GW,219230000,237.51,12.633971223602009,56.03415678572276,10.0,84.0,0,0,0,73
4,GW,219230000,254.583,12.63537688224334,56.034239858144474,10.1,83.6,0,0,0,73
4,GW,219230000,271.505,12.636787511744375,56.03432788769984,10.0,83.4,0,0,0,73
4,GW,219230000,288.428,12.638176859000566,56.0344180314571,9.6,83.2,0,0,0,73
4,GW,219230000,305.495,12.639522848876567,56.034507703178484,9.4,83.1,0,0,0,73
4,GW,219230000,322.668,12.640851897330776,56.03459794025514,9.6,83.0,0,0,0,73
4,GW,219230000,339.85,12.64220580836265,56.03469099507298,9.8,82.8,0,0,0,73
4,GW,219230000,357.03,12.643590138326198,56.03478863662992,9.8,82.4,0,0,0,73
4,GW,219230000,374.267,12.64498033402933,56.03489227119777,9.7,81.8,0,0,0,73
4,GW,219230000,391.639,12.646358719752646,56.035002693475654,9.5,81.3,0,0,0,73
4,GW,219230000,409.255,12.647722580894133,56.03511940152284,9.2,80.9,0,0,0,73
4,GW,219230000,427.144,12.649073183147138,56.03523999376285,9.3,81.4,0,0,0,73
4,GW,219230000,444.971,12.650429512507854,56.03535423217782,9.7,82.8,0,0,0,73
4,GW,219230000,462.337,12.651810033931556,56.03545199315627,10.0,83.7,0,0,0,73
4,GW,219230000,479.25,12.65320509872926,56.035538603514475,10.1,83.6,0,0,0,73
4,GW,219230000,495.96,12.65459821420683,56.035626231580004,10.1,83.0,0,0,0,73
4,GW,219230000,513.018,12.656008630512781,56.03572361102536,9.9,82.3,0,0,0,73
4,GW,219230000,531.42,12.657499615332757,56.03583623609661,9.7,81.5,0,0,0,73
4,GW,219230000,551.498,12.659088049214736,56.03596821955871,9.8,80.5,0,0,0,73
4,GW,219230000,571.343,12.660671791127623,56.036116267116874,10.1,79.4,0,0,0,73
4,GW,219230000,589.279,12.662151314525882,56.03627104109032,10.3,78.4,0,0,0,73
4,GW,219230000,605.83,12.66353651398894,56.03642946692817,10.3,77.5,0,0,0,73
4,GW,219230000,621.92,12.664876110898536,56.03659474246802,10.2,76.8,0,0,0,73
4,GW,219230000,638.07,12.666209942042924,56.03676906470339,10.2,76.4,0,0,0,73
4,GW,219230000,654.594,12.667570947651688,56.03695345594563,10.3,76.2,0,0,0,73
4,GW,219230000,671.801,12.668992512029524,56.0371489749342,10.4,76.3,0,0,0,73
4,SO,308803000,135.345,12.681095943138326,56.0071716931176,17.3,344.9,0,0,0,84
4,SO,308803000,153.046,12.680436070604012,56.00853859050359,17.3,344.7,0,0,0,84
4,SO,308803000,170.244,12.679785926128659,56.009864985392376,17.1,344.1,0,0,0,84
4,SO,308803000,186.974,12.679135394762504,56.01114042347903,17.1,344.1,0,0,0,84
4,SO,308803000,203.571,12.67849131537679,56.0124043128875,17.3,344.9,0,0,0,84
4,SO,308803000,220.415,12.677862883697392,56.01370391291238,17.5,345.5,0,0,0,84
4,SO,308803000,237.51,12.6772444956251,56.01504023946237,17.5,345.3,0,0,0,84
4,SO,308803000,254.583,12.67661692272591,56.0163783689226,17.5,344.7,0,0,0,84
4,SO,308803000,271.505,12.67596990981281,56.01769978176587,17.5,344.4,0,0,0,84
4,SO,308803000,288.428,12.675309717539776,56.01901868161753,17.5,344.4,0,0,0,84
4,SO,308803000,305.495,12.674643871768108,56.020349396391026,17.5,344.5,0,0,0,84
4,SO,308803000,322.668,12.673979011044473,56.021690939202436,17.6,344.7,0,0,0,84
4,SO,308803000,339.85,12.673321447012205,56.023037248758236,17.6,345.0,0,0,0,84
4,SO,308803000,357.03,12.672674880237674,56.0243879752353,17.6,345.4,0,0,0,84
4,SO,308803000,374.267,12.672041016182297,56.02574744652633,17.6,345.7,0,0,0,84
4,SO,308803000,391.639,12.671413843651505,56.02711797847975,17.5,345.4,0,0,0,84
4,SO,308803000,409.255,12.670771553786699,56.02849703303747,17.3,344.8,0,0,0,84
4,SO,308803000,427.144,12.670098514613963,56.02987788050809,17.2,344.5,0,0,0,84
4,SO,308803000,444.971,12.66942168090921,56.03124342547437,17.2,344.9,0,0,0,84
4,SO,308803000,462.337,12.668776520882039,56.03257636390006,17.3,345.3,0,0,0,84
4,SO,308803000,479.25,12.668163325764326,56.03388303184832,17.4,345.6,0,0,0,84
4,SO,308803000,495.96,12.66756400851265,56.03518433479519,17.4,345.3,0,0,0,84
4,SO,308803000,513.018,12.666939230060818,56.03651579699361,17.3,343.9,0,0,0,84
4,SO,308803000,531.42,12.666208621672004,56.03793065751494,17.0,341.5,0,0,0,84
4,SO,308803000,551.498,12.665311861368421,56.03943149079876,17.0,340.0,0,0,0,84
4,SO,308803000,571.343,12.664354914214261,56.04089934721416,17.2,339.7,0,0,0,84
4,SO,308803000,589.279,12.663467227978453,56.04223843435368,17.4,340.2,0,0,0,84
4,SO,308803000,605.83,12.662660050254502,56.04348866911683,17.4,341.2,0,0,0,84
4,SO,308803000,621.92,12.661909596674997,56.044717303190154,17.5,341.8,0,0,0,84
4,SO,308803000,638.07,12.661178421238,56.04595997521227,17.6,341.7,0,0,0,84
4,SO,308803000,654.594,12.660421920445708,56.04723549983382,17.7,340.7,0,0,0,84
4,SO,308803000,671.801,12.659590542468155,56.04856180691668,17.7,338.8,0,0,0,84
5,GW,219622000,22.921,12.619111396850721,56.03272741033648,6.7,74.5,0,0,0,73
5,GW,219622000,46.468,12.62037849410037,56.03292436708448,7.9,69.1,0,0,0,73
5,GW,219622000,70.089,12.621825321848654,56.03323287584814,9.0,65.8,0,0,0,73
5,GW,219622000,93.229,12.623401137150301,56.03362932328702,10.0,63.8,0,0,0,73
5,GW,219622000,115.407,12.62504469174672,56.03408125400162,10.5,63.9,0,0,0,73
5,GW,219622000,136.866,12.626718999852288,56.034539446573966,10.5,66.4,0,0,0,73
5,GW,219622000,158.264,12.628416897755686,56.03495436599396,10.2,70.2,0,0,0,73
5,GW,219622000,179.684,12.630125049644473,56.03529826280905,10.2,73.5,0,0,0,73
5,GW,219622000,200.428,12.631811505779739,56.035576675068135,10.4,76.7,0,0,0,73
5,GW,219622000,219.953,12.633441487949739,56.035792084143786,10.3,82.0,0,0,0,73
5,GW,219622000,238.531,12.635007582074422,56.03591569255206,10.2,89.2,0,0,0,73
5,GW,219622000,256.566,12.636523964857384,56.035927854261544,10.4,93.9,0,0,0,73
5,GW,219622000,274.174,12.638036090448509,56.035869765550935,10.9,95.0,0,0,0,73
5,GW,219622000,291.405,12.639589318401026,56.03579338268046,11.2,94.7,0,0,0,73
5,GW,219622000,308.576,12.641182434076585,56.035719780022106,11.0,94.3,0,0,0,73
5,GW,219622000,326.174,12.642787680639284,56.035652751593226,10.7,93.9,0,0,0,73
5,GW,219622000,344.33,12.644386687207026,56.03559228026346,10.6,93.9,0,0,0,73
5,GW,219622000,362.648,12.645991688120933,56.03553066370519,10.8,94.2,0,0,0,73
5,GW,219622000,380.725,12.647611252047184,56.03546380959349,11.1,94.1,0,0,0,73
5,GW,219622000,398.267,12.649226782189706,56.03539980151473,11.4,93.5,0,0,0,73
5,GW,219622000,415.083,12.650814965606855,56.03534508242006,11.5,93.4,0,0,0,73
5,GW,219622000,431.461,12.652369395227,56.03529363519159,11.3,93.8,0,0,0,73
5,GW,219622000,447.858,12.653895821118654,56.03523684338041,11.0,93.9,0,0,0,73
5,GW,219622000,464.905,12.655442071488757,56.03517840162475,10.8,92.4,0,0,0,73
5,GW,219622000,483.414,12.657101129140617,56.03514019173342,10.8,89.4,0,0,0,73
5,GW,219622000,503.591,12.658901497796812,56.035149917269244,10.5,86.3,0,0,0,73
5,GW,219622000,524.174,12.660695678145675,56.03521390131576,10.1,83.3,0,0,0,73
5,GW,219622000,543.84,12.662334030177535,56.03532120583612,9.7,80.7,0,0,0,73
5,GW,219622000,562.804,12.663838376332619,56.03545832350363,9.4,78.9,0,0,0,73
5,GW,219622000,582.142,12.665307811057152,56.03561999431093,9.1,78.1,0,0,0,73
5,GW,219622000,602.612,12.666811439934449,56.03579696949895,8.8,78.9,0,0,0,73
5,GW,219622000,624.644,12.668393279529603,56.03597031960002,8.4,79.8,0,0,0,73
5,GW,219622000,647.571,12.669962441656535,56.036128570541756,7.6,79.4,0,0,0,73
5,SO,266468000,22.921,12.682363293301194,56.00985163856143,13.6,339.8,0,0,0,77
5,SO,266468000,46.468,12.681445227097173,56.01124352378585,13.4,339.7,0,0,0,77
5,SO,266468000,70.089,12.68053525631845,56.01261961365679,13.7,339.7,0,0,0,77
5,SO,266468000,93.229,12.679625661488364,56.01399422957839,14.3,339.7,0,0,0,77
5,SO,266468000,115.407,12.678714900576745,56.015372171265604,14.6,339.8,0,0,0,77
5,SO,266468000,136.866,12.677818249761081,56.01673268212057,14.2,339.9,0,0,0,77
5,SO,266468000,158.264,12.676952565442695,56.018052585953335,13.6,339.9,0,0,0,77
5,SO,266468000,179.684,12.676120409072432,56.01932076765448,13.6,339.6,0,0,0,77
5,SO,266468000,200.428,12.675305558292129,56.02054240422964,13.9,339.3,0,0,0,77
5,SO,266468000,219.953,12.674509333738714,56.02171862592885,14.1,340.0,0,0,0,77
5,SO,266468000,238.531,12.673770676874677,56.0228545542238,14.0,341.6,0,0,0,77
5,SO,266468000,256.566,12.673113043779766,56.0239617289251,14.0,342.6,0,0,0,77
5,SO,266468000,274.174,12.6725015361762,56.02505117718432,14.2,342.5,0,0,0,77
5,SO,266468000,291.405,12.67189152189889,56.02613266568329,14.3,342.3,0,0,0,77
5,SO,266468000,308.576,12.671270365748903,56.02721829124783,14.2,342.4,0,0,0,77
5,SO,266468000,326.174,12.670643756378253,56.02832193922824,13.9,342.6,0,0,0,77
5,SO,266468000,344.33,12.670018508778185,56.02943860409459,13.6,342.5,0,0,0,77
5,SO,266468000,362.648,12.669397454508607,56.03053893941212,13.5,342.1,0,0,0,77
5,SO,266468000,380.725,12.668779633446116,56.03161047530463,13.9,342.1,0,0,0,77
5,SO,266468000,398.267,12.668159891219027,56.03268330451967,14.7,342.4,0,0,0,77
5,SO,266468000,415.083,12.667538666328285,56.03377546156522,14.9,342.5,0,0,0,77
5,SO,266468000,431.461,12.666930719135603,56.034855834096234,14.3,342.6,0,0,0,77
5,SO,266468000,447.858,12.666350595059978,56.03588881829883,13.4,342.7,0,0,0,77
5,SO,266468000,464.905,12.665785318597486,56.03690060501114,13.3,343.1,0,0,0,77
5,SO,266468000,483.414,12.665192274159608,56.03798770205936,13.7,343.7,0,0,0,77
5,SO,266468000,503.591,12.664550167130452,56.03921057652367,13.9,344.2,0,0,0,77
5,SO,266468000,524.174,12.66390268956452,56.040487308709935,14.0,344.6,0,0,0,77
5,SO,266468000,543.84,12.663296406558507,56.04171564495022,14.0,344.8,0,0,0,77
5,SO,266468000,562.804,12.662720660626567,56.042896915126406,13.8,344.7,0,0,0,77
5,SO,266468000,582.142,12.662135828020592,56.044091826165285,13.8,344.6,0,0,0,77
5,SO,266468000,602.612,12.661514959178614,56.04535013914057,13.8,344.6,0,0,0,77
5,SO,266468000,624.644,12.660842602490673,56.04670988724713,13.9,344.6,0,0,0,77
5,SO,266468000,647.571,12.66014178828752,56.04813074430718,13.9,344.7,0,0,0,77
6,GW,265041000,0.0,12.617478343366393,56.033136463651466,2.1,81.5,0,0,0,73
6,GW,265041000,32.825,12.618054930905217,56.0331844429008,3.6,81.9,0,0,0,73
6,GW,265041000,65.825,12.619033834719348,56.0332619582281,4.9,81.4,0,0,0,73
6,GW,265041000,98.495,12.620345847770004,56.033372198663066,6.0,80.6,0,0,0,73
6,GW,265041000,130.327,12.621903652865587,56.033516011739614,6.9,79.7,0,0,0,73
6,GW,265041000,160.85,12.623612858054873,56.03368886827752,7.5,80.3,0,0,0,73
6,GW,265041000,189.929,12.625403568798852,56.03385941444791,8.0,82.5,0,0,0,73
6,GW,265041000,217.69,12.627231240377403,56.03399435687078,8.2,82.6,0,0,0,73
6,GW,265041000,244.96,12.629077520792729,56.03412888758237,8.2,78.5,0,0,0,73
6,GW,265041000,273.01,12.630943944997592,56.034340304011856,8.2,73.3,0,0,0,73
6,GW,265041000,302.104,12.63283484840083,56.03465744440718,8.5,70.9,0,0,0,73
6,GW,265041000,331.395,12.63477308712011,56.03503319249069,8.7,70.2,0,0,0,73
6,GW,265041000,360.511,12.636756463443227,56.035432482543825,8.8,69.3,0,0,0,73
6,GW,265041000,389.794,12.638745731824116,56.03585273370566,8.7,68.8,0,0,0,73
6,GW,265041000,419.322,12.640720842185912,56.036280859613925,8.6,70.0,0,0,0,73
6,GW,265041000,448.691,12.642697229125691,56.03668308366181,8.7,71.8,0,0,0,73
6,GW,265041000,477.637,12.644676423349432,56.03704670926957,8.7,72.3,0,0,0,73
6,GW,265041000,506.214,12.646633988617618,56.037395161635715,8.6,72.6,0,0,0,73
6,GW,265041000,534.442,12.648551434782327,56.037730945243005,8.4,75.1,0,0,0,73
6,GW,265041000,562.203,12.650424331429758,56.03800998651764,8.3,79.1,0,0,0,73
6,GW,265041000,589.476,12.652256353462722,56.03820656115104,8.2,81.6,0,0,0,73
6,GW,265041000,616.588,12.654070917323864,56.03835600440022,8.1,82.1,0,0,0,73
6,GW,265041000,643.865,12.655891043504651,56.03849721243492,8.1,82.0,0,0,0,73
6,GW,265041000,671.229,12.657716561947106,56.03863967462987,8.2,82.0,0,0,0,73
6,GW,265041000,698.488,12.659541612736854,56.03878232040133,8.2,82.2,0,0,0,73
6,GW,265041000,725.797,12.661388583222102,56.03892322816771,8.4,82.7,0,0,0,73
6,GW,265041000,753.502,12.663296369710354,56.03905949264183,8.5,83.6,0,0,0,73
6,GW,265041000,781.207,12.66523954030014,56.03918104050084,8.6,85.0,0,0,0,73
6,GW,265041000,807.748,12.667121839423748,56.03927326537526,8.6,86.4,0,0,0,73
6,GW,265041000,832.768,12.668906683865584,56.03933657123174,8.7,87.1,0,0,0,73
6,GW,265041000,857.342,12.670667344566576,56.03938677525278,8.7,87.1,0,0,0,73
6,GW,265041000,882.681,12.672489044168032,56.039437993708844,8.7,86.4,0,0,0,73
6,SO,273323000,0.0,12.686358394382074,56.01261406896846,9.3,341.8,0,0,0,84
6,SO,273323000,32.825,12.685566728858026,56.01395762513884,9.3,342.1,0,0,0,84
6,SO,273323000,65.825,12.684790221536089,56.01530162444561,9.2,342.3,0,0,0,84
6,SO,273323000,98.495,12.684032524464634,56.016628083485955,9.2,342.3,0,0,0,84
6,SO,273323000,130.327,12.683297164454657,56.017918997352645,9.2,342.2,0,0,0,84
6,SO,273323000,160.85,12.682587800202532,56.019157341382794,9.2,342.0,0,0,0,84
6,SO,273323000,189.929,12.681901997921164,56.02033680011487,9.2,341.6,0,0,0,84
6,SO,273323000,217.69,12.681233466323647,56.02146063079581,9.2,341.3,0,0,0,84
6,SO,273323000,244.96,12.680567546096604,56.02256288207145,9.2,341.4,0,0,0,84
6,SO,273323000,273.01,12.67988297157618,56.02369677378901,9.2,341.5,0,0,0,84
6,SO,273323000,302.104,12.679178194033387,56.02487312818242,9.2,341.6,0,0,0,84
6,SO,273323000,331.395,12.678472438652351,56.02605578397578,9.2,341.6,0,0,0,84
6,SO,273323000,360.511,12.677773319879766,56.02723074354254,9.2,341.7,0,0,0,84
6,SO,273323000,389.794,12.67707211121171,56.028416927261816,9.3,341.8,0,0,0,84
6,SO,273323000,419.322,12.676366509504836,56.02961933871908,9.3,341.9,0,0,0,84
6,SO,273323000,448.691,12.675665647743624,56.030817578155975,9.3,341.9,0,0,0,84
6,SO,273323000,477.637,12.674972904976185,56.03199860553064,9.3,341.7,0,0,0,84
6,SO,273323000,506.214,12.674280351389545,56.03316608140818,9.3,341.5,0,0,0,84
6,SO,273323000,534.442,12.673589000081417,56.0343221864962,9.3,341.8,0,0,0,84
6,SO,273323000,562.203,12.67291972958638,56.03546264114055,9.3,342.5,0,0,0,84
6,SO,273323000,589.476,12.672285161160431,56.03658644683455,9.3,342.9,0,0,0,84
6,SO,273323000,616.588,12.671669709245599,56.037705372673095,9.3,343.0,0,0,0,84
6,SO,273323000,643.865,12.671055535067945,56.03883110008327,9.3,343.0,0,0,0,84
6,SO,273323000,671.229,12.670437605149937,56.03995943230096,9.3,342.8,0,0,0,84
6,SO,273323000,698.488,12.669815162424642,56.04108186189136,9.3,342.6,0,0,0,84
6,SO,273323000,725.797,12.669184413866752,56.04220522454213,9.3,342.5,0,0,0,84
6,SO,273323000,753.502,12.668540006546545,56.04334481767492,9.3,342.4,0,0,0,84
6,SO,273323000,781.207,12.667893743156379,56.04448453965199,9.3,342.4,0,0,0,84
6,SO,273323000,807.748,12.667275186762943,56.04557580109355,9.3,342.5,0,0,0,84
6,SO,273323000,832.768,12.666694305410092,56.04660417136265,9.3,342.6,0,0,0,84
6,SO,273323000,857.342,12.66612703038139,56.04761537058415,9.3,342.8,0,0,0,84
6,SO,273323000,882.681,12.665546597210525,56.04866092441472,9.4,343.0,0,0,0,84
7,GW,219230000,161.807,12.626712745367557,56.03419622846308,10.2,70.9,0,0,0,73
7,GW,219230000,182.744,12.628382516929538,56.0345198577681,10.4,71.2,0,0,0,73
7,GW,219230000,203.705,12.630098175985278,56.03484658624575,10.6,71.6,0,0,0,73
7,GW,219230000,224.932,12.631864389557906,56.0351757202232,10.5,72.7,0,0,0,73
7,GW,219230000,246.09,12.633626347343656,56.03548180075882,10.3,74.8,0,0,0,73
7,GW,219230000,266.808,12.635333293643322,56.03574149623528,10.3,77.0,0,0,0,73
7,GW,219230000,287.072,12.637022038665084,56.03595961511458,10.7,78.9,0,0,0,73
7,GW,219230000,307.019,12.638760060137901,56.036149949193046,11.1,81.5,0,0,0,73
7,GW,219230000,326.624,12.64053740889895,56.03629752753777,10.8,86.7,0,0,0,73
7,GW,219230000,345.626,12.642240857468538,56.03635273460163,10.4,94.4,0,0,0,73
7,GW,219230000,363.844,12.643806875303982,56.03628563910493,10.3,103.5,0,0,0,73
7,GW,219230000,381.269,12.645251144545423,56.03609165593935,10.4,112.2,0,0,0,73
7,GW,219230000,398.024,12.646591926135384,56.03578626609339,10.2,117.4,0,0,0,73
7,GW,219230000,414.607,12.64784127893975,56.03542462784556,9.6,119.6,0,0,0,73
7,GW,219230000,431.509,12.649006480671423,56.03505555395003,9.5,121.5,0,0,0,73
7,GW,219230000,448.325,12.650138314109647,56.034667984907536,10.8,124.2,0,0,0,73
7,GW,219230000,464.09,12.651305756327035,56.034224911003705,12.3,126.3,0,0,0,73
7,GW,219230000,478.61,12.6524953944365,56.03373656356187,12.2,127.8,0,0,0,73
7,GW,219230000,493.115,12.653654975677762,56.033233799973296,11.1,129.1,0,0,0,73
7,GW,219230000,508.469,12.654755217963805,56.032734703853436,10.4,129.3,0,0,0,73
7,GW,219230000,524.403,12.655821130458142,56.032246438337516,10.3,128.2,0,0,0,73
7,GW,219230000,540.506,12.656903719976457,56.0317706237144,10.3,126.0,0,0,0,73
7,GW,219230000,556.427,12.658005756886052,56.031323552403016,10.1,123.0,0,0,0,73
7,GW,219230000,571.857,12.6590924597102,56.03092998379248,9.8,118.7,0,0,0,73
7,GW,219230000,586.99,12.660173192410443,56.030599216029714,9.6,112.1,0,0,0,73
7,GW,219230000,603.418,12.661387696628413,56.03032361140655,9.7,102.1,0,0,0,73
7,GW,219230000,622.809,12.662912342114963,56.030141305895924,9.9,89.0,0,0,0,73
7,GW,219230000,644.749,12.664707561117169,56.03015855421471,10.0,73.2,0,0,0,73
7,GW,219230000,667.4,12.666510903690286,56.03046334329735,10.4,58.5,0,0,0,73
7,GW,219230000,690.201,12.668188009769604,56.03103715612474,10.5,50.4,0,0,0,73
7,GW,219230000,714.645,12.66982655165503,56.031795845334315,10.1,46.8,0,0,0,73
7,GW,219230000,741.665,12.67147641075763,56.03266211278511,10.0,44.9,0,0,0,73
7,GW,219230000,770.465,12.673155858623172,56.03360261419971,10.2,45.0,0,0,0,73
7,SO,220442000,161.807,12.68523204699153,56.00416257937083,14.1,341.7,0,0,0,77
7,SO,220442000,182.744,12.68446424931014,56.005458651632,13.9,341.7,0,0,0,77
7,SO,220442000,203.705,12.683704230136088,56.006741170931654,13.6,341.7,0,0,0,77
7,SO,220442000,224.932,12.682953008378892,56.00800779443389,13.5,341.9,0,0,0,77
7,SO,220442000,246.09,12.682217972985153,56.00926426246583,13.7,342.3,0,0,0,77
7,SO,220442000,266.808,12.681505164115656,56.01051459573201,13.8,342.5,0,0,0,77
7,SO,220442000,287.072,12.680809948522814,56.01174419420622,13.5,342.1,0,0,0,77
7,SO,220442000,307.019,12.680123774194898,56.012934038741825,13.3,341.8,0,0,0,77
7,SO,220442000,326.624,12.679450329707672,56.01408021506182,13.3,342.2,0,0,0,77
7,SO,220442000,345.626,12.678809681607996,56.01519669719646,13.5,342.8,0,0,0,77
7,SO,220442000,363.844,12.678208358010679,56.01628522327746,13.6,342.9,0,0,0,77
7,SO,220442000,381.269,12.677632413085771,56.01733219164471,13.6,342.6,0,0,0,77
7,SO,220442000,398.024,12.67706913567548,56.01833440313059,13.5,342.3,0,0,0,77
7,SO,220442000,414.607,12.676506101326952,56.01931808870553,13.3,342.1,0,0,0,77
7,SO,220442000,431.509,12.67593190432196,56.02031070549717,13.4,342.0,0,0,0,77
7,SO,220442000,448.325,12.675356690449092,56.02130036144433,13.7,342.0,0,0,0,77
7,SO,220442000,464.09,12.6748058213601,56.02224818618908,14.0,342.1,0,0,0,77
7,SO,220442000,478.61,12.674288845576996,56.02314174222642,14.0,342.2,0,0,0,77
7,SO,220442000,493.115,12.67377663092522,56.02403556919964,13.7,342.4,0,0,0,77
7,SO,220442000,508.469,12.673249159712508,56.02496578471334,13.4,342.4,0,0,0,77
7,SO,220442000,524.403,12.672715218740745,56.02590719243939,13.0,342.2,0,0,0,77
7,SO,220442000,540.506,12.672184808000612,56.026830241879715,12.9,342.1,0,0,0,77
7,SO,220442000,556.427,12.671662308701785,56.027733950785006,13.2,342.3,0,0,0,77
7,SO,220442000,571.857,12.671149483372721,56.0286335061083,13.8,342.7,0,0,0,77
7,SO,220442000,586.99,12.670636664704237,56.029554657102686,14.0,342.9,0,0,0,77
7,SO,220442000,603.418,12.67007806144653,56.030570045205,13.7,342.9,0,0,0,77
7,SO,220442000,622.809,12.669431239982282,56.03174133768993,13.3,342.8,0,0,0,77
7,SO,220442000,644.749,12.668714881262824,56.03303051655523,13.4,342.8,0,0,0,77
7,SO,220442000,667.4,12.667975964505233,56.034367712820995,13.6,343.0,0,0,0,77
7,SO,220442000,690.201,12.667225968679622,56.035737943094034,13.5,343.0,0,0,0,77
7,SO,220442000,714.645,12.666427400116726,56.03719496076993,13.2,342.8,0,0,0,77
7,SO,220442000,741.665,12.66555546155909,56.03876884141803,13.3,342.7,0,0,0,77
7,SO,220442000,770.465,12.664608440817664,56.040462930311875,14.1,342.6,0,0,0,77
8,GW,265041000,94.782,12.622193919840877,56.03333664935423,9.0,70.1,0,0,0,73
8,GW,265041000,117.561,12.623794851398902,56.03366027513366,9.8,69.5,0,0,0,73
8,GW,265041000,139.839,12.625489818873113,56.03401457798428,10.3,68.7,0,0,0,73
8,GW,265041000,161.918,12.627247250291965,56.034396978644565,10.6,68.7,0,0,0,73
8,GW,265041000,183.86,12.629039424435279,56.03478713008735,10.7,70.2,0,0,0,73
8,GW,265041000,205.513,12.63083716554153,56.03514861478874,10.6,72.9,0,0,0,73
8,GW,265041000,226.749,12.632617798859547,56.03545415785391,10.5,76.3,0,0,0,73
8,GW,265041000,247.505,12.634371534565757,56.03569230175576,10.4,80.1,0,0,0,73
8,GW,265041000,267.749,12.636092611418047,56.03586096598747,10.4,82.2,0,0,0,73
8,GW,265041000,287.623,12.637792419363777,56.0359907907888,10.5,82.4,0,0,0,73
8,GW,265041000,307.343,12.639492567677046,56.03611669234254,10.7,82.0,0,0,0,73
8,GW,265041000,327.244,12.641242110720407,56.036253225389366,11.0,81.6,0,0,0,73
8,GW,265041000,347.619,12.64308532863937,56.036405666589836,11.1,81.7,0,0,0,73
8,GW,265041000,368.292,12.644961979834479,56.03655913054911,10.7,82.7,0,0,0,73
8,GW,265041000,388.902,12.646769860277137,56.036689151805845,10.3,86.7,0,0,0,73
8,GW,265041000,408.976,12.648475269070717,56.03674437796395,10.5,95.3,0,0,0,73
8,GW,265041000,427.92,12.650112767826833,56.03665946839533,10.8,104.0,0,0,0,73
8,GW,265041000,445.728,12.651665278556544,56.036443536973955,10.5,110.4,0,0,0,73
8,GW,265041000,463.113,12.65308623941118,56.03614905680724,9.8,115.6,0,0,0,73
8,GW,265041000,480.539,12.654364370205304,56.035807064130694,9.6,118.9,0,0,0,73
8,GW,265041000,497.765,12.655565284326439,56.035436244530835,9.9,119.7,0,0,0,73
8,GW,265041000,514.546,12.656759992156616,56.03505550454619,10.1,118.4,0,0,0,73
8,GW,265041000,531.214,12.657991375182588,56.0346828040629,10.2,115.4,0,0,0,73
8,GW,265041000,548.286,12.659295954959884,56.03433687085897,10.2,110.8,0,0,0,73
8,GW,265041000,565.591,12.66065936495533,56.03404759185572,10.1,105.1,0,0,0,73
8,GW,265041000,582.233,12.662005232931428,56.03384403444614,10.1,98.7,0,0,0,73
8,GW,265041000,598.386,12.663336686035432,56.0337297481718,10.0,91.2,0,0,0,73
8,GW,265041000,617.148,12.66489241144309,56.033711648780894,10.0,81.3,0,0,0,73
8,GW,265041000,641.205,12.66686252779907,56.03388090124948,10.1,70.8,0,0,0,73
8,GW,265041000,667.934,12.668982768985229,56.03429391962936,10.3,62.2,0,0,0,73
8,GW,265041000,692.953,12.670873192418346,56.03485145499498,10.5,56.7,0,0,0,73
8,GW,265041000,715.771,12.672529619002558,56.03545999251651,10.7,54.3,0,0,0,73
8,GW,265041000,739.403,12.674223412071724,56.036140588410106,10.7,53.8,0,0,0,73
8,GW,265041000,764.809,12.676033475947754,56.03688065768518,10.3,54.2,0,0,0,73
8,SO,257550000,94.782,12.68669071483495,56.00187497040049,13.7,342.3,0,0,0,77
8,SO,257550000,117.561,12.685907380914626,56.00324960723518,13.9,342.7,0,0,0,77
8,SO,257550000,139.839,12.68514749956337,56.00461364313596,13.9,343.0,0,0,0,77
8,SO,257550000,161.918,12.68440659067139,56.00596798050574,13.8,343.2,0,0,0,77
8,SO,257550000,183.86,12.683679607566036,56.007310459695255,13.8,343.1,0,0,0,77
8,SO,257550000,205.513,12.682961145859379,56.00863531553236,13.8,343.1,0,0,0,77
8,SO,257550000,226.749,12.6822530994143,56.009936208714294,13.8,343.3,0,0,0,77
8,SO,257550000,247.505,12.681569404549663,56.01120674091484,13.8,343.7,0,0,0,77
8,SO,257550000,267.749,12.68092145029869,56.012444133934686,13.8,344.3,0,0,0,77
8,SO,257550000,287.623,12.680305863583424,56.013666519161724,13.9,345.0,0,0,0,77
8,SO,257550000,307.343,12.67971556623659,56.01489388358417,13.8,345.5,0,0,0,77
8,SO,257550000,327.244,12.679146461915343,56.01612108617252,13.3,345.8,0,0,0,77
8,SO,257550000,347.619,12.678597141173869,56.01733473453278,13.0,346.2,0,0,0,77
8,SO,257550000,368.292,12.678064194497669,56.018543946080925,13.2,346.6,0,0,0,77
8,SO,257550000,388.902,12.677541459974847,56.01976861511428,13.5,346.8,0,0,0,77
8,SO,257550000,408.976,12.677031739693074,56.02098783738665,13.5,346.8,0,0,0,77
8,SO,257550000,427.92,12.676549255549428,56.02213613395899,13.3,346.6,0,0,0,77
8,SO,257550000,445.728,12.676094878579992,56.02320416894802,13.3,346.6,0,0,0,77
8,SO,257550000,463.113,12.675651996094034,56.024244980823,13.4,346.7,0,0,0,77
8,SO,257550000,480.539,12.675208581863206,56.02529455858463,13.5,346.7,0,0,0,77
8,SO,257550000,497.765,12.674766704749812,56.02634293994927,13.7,346.8,0,0,0,77
8,SO,257550000,514.546,12.674330951470589,56.02737772607381,13.8,347.1,0,0,0,77
8,SO,257550000,531.214,12.673905814968403,56.02841684283378,13.9,348.0,0,0,0,77
8,SO,257550000,548.286,12.673496570700884,56.02948902605096,13.9,348.8,0,0,0,77
8,SO,257550000,565.591,12.673109245266433,56.030581397342445,14.0,349.1,0,0,0,77
8,SO,257550000,582.233,12.67274537287335,56.03163606725909,14.0,348.9,0,0,0,77
8,SO,257550000,598.386,12.67238630504994,56.03266286130214,14.1,348.6,0,0,0,77
8,SO,257550000,617.148,12.671954785544074,56.03385908857449,14.1,348.0,0,0,0,77
8,SO,257550000,641.205,12.671369136434446,56.03539766001111,14.2,347.0,0,0,0,77
8,SO,257550000,667.934,12.670662348515133,56.037107828360476,14.2,345.7,0,0,0,77
8,SO,257550000,692.953,12.669933670365719,56.03870229458551,14.2,344.2,0,0,0,77
8,SO,257550000,715.771,12.669200738764298,56.04014476993632,14.2,342.4,0,0,0,77
8,SO,257550000,739.403,12.668361659789806,56.0416204454651,14.2,340.9,0,0,0,77
8,SO,257550000,764.809,12.667383559804069,56.0431951889758,14.4,340.6,0,0,0,77
9,GW,219230000,74.076,12.620322286909145,56.03276311865919,6.2,85.8,0,0,0,73
9,GW,219230000,97.353,12.621520187533626,56.03281272044746,7.4,82.5,0,0,0,73
9,GW,219230000,119.626,12.622864885511804,56.03291111271539,8.1,78.7,0,0,0,73
9,GW,219230000,141.684,12.624320201721073,56.03307338808886,8.5,74.0,0,0,0,73
9,GW,219230000,164.526,12.62585907945147,56.03331927995728,8.7,71.3,0,0,0,73
9,GW,219230000,187.695,12.62744411803486,56.03361866249648,9.1,72.6,0,0,0,73
9,GW,219230000,209.724,12.629024075846264,56.0338947481864,9.4,77.2,0,0,0,73
9,GW,219230000,229.911,12.630555891549422,56.03408955056722,9.6,84.0,0,0,0,73
9,GW,219230000,248.46,12.63202963561966,56.034176044785106,9.8,90.1,0,0,0,73
9,GW,219230000,266.076,12.633463744518966,56.03417497364165,9.8,93.2,0,0,0,73
9,GW,219230000,283.96,12.634908490296224,56.03413017119902,9.6,94.2,0,0,0,73
9,GW,219230000,302.77,12.636394891028209,56.03406870077642,9.6,94.6,0,0,0,73
9,GW,219230000,321.952,12.637918335979656,56.03400071626658,9.9,94.4,0,0,0,73
9,GW,219230000,341.017,12.639477713872408,56.03393327694486,10.2,94.2,0,0,0,73
9,GW,219230000,360.122,12.641081891262681,56.0338670227195,10.3,94.0,0,0,0,73
9,GW,219230000,379.466,12.642732979301885,56.0338018505184,10.3,93.9,0,0,0,73
9,GW,219230000,398.968,12.644393636834051,56.03373923250462,10.1,93.7,0,0,0,73
9,GW,219230000,418.492,12.646027104714628,56.03368012919684,10.1,93.7,0,0,0,73
9,GW,219230000,437.973,12.647650853562135,56.0336214223349,10.2,93.8,0,0,0,73
9,GW,219230000,457.359,12.649292243364682,56.03355981430189,10.4,93.9,0,0,0,73
9,GW,219230000,476.562,12.650947777621807,56.03349724884611,10.6,93.7,0,0,0,73
9,GW,219230000,495.502,12.65260276558045,56.033436966330655,10.6,93.6,0,0,0,73
9,GW,219230000,514.277,12.654242447895312,56.03337961107556,10.4,93.5,0,0,0,73
9,GW,219230000,533.077,12.65585532711553,56.03332481915239,10.1,93.4,0,0,0,73
9,GW,219230000,552.349,12.657461505822155,56.03327202053378,9.7,93.1,0,0,0,73
9,GW,219230000,572.689,12.659097103068271,56.03322299784272,9.6,90.5,0,0,0,73
9,GW,219230000,594.656,12.660838695199374,56.033214002622486,10.0,84.0,0,0,0,73
9,GW,219230000,618.751,12.662820145541119,56.03332982149773,10.7,77.6,0,0,0,73
9,GW,219230000,643.976,12.665011647997334,56.033599915133614,11.0,75.7,0,0,0,73
9,GW,219230000,667.165,12.66706302423608,56.03389282633188,10.8,74.9,0,0,0,73
9,GW,219230000,687.325,12.668805822701982,56.034155562990755,10.3,70.6,0,0,0,73
9,GW,219230000,707.156,12.670406502728463,56.03447040628717,10.0,64.1,0,0,0,73
9,GW,219230000,728.751,12.672007394240403,56.034905623264116,10.1,59.1,0,0,0,73
9,GW,219230000,752.829,12.673730010660721,56.035481834725466,10.7,57.4,0,0,0,73
9,SO,351008000,74.076,12.681895982745745,56.00291421281909,13.2,342.9,0,0,0,84
9,SO,351008000,97.353,12.681148527263268,56.004273851952476,13.6,343.2,0,0,0,84
9,SO,351008000,119.626,12.68042284091746,56.00561569314098,13.8,343.4,0,0,0,84
9,SO,351008000,141.684,12.679701688624004,56.006964439600615,13.7,343.4,0,0,0,84
9,SO,351008000,164.526,12.678963057453426,56.008348627263764,13.6,343.2,0,0,0,84
9,SO,351008000,187.695,12.678212032116257,56.009739343938875,13.7,342.8,0,0,0,84
9,SO,351008000,209.724,12.677474539542377,56.01107045190559,13.8,343.0,0,0,0,84
9,SO,351008000,229.911,12.676800676392178,56.01230203743317,13.7,344.5,0,0,0,84
9,SO,351008000,248.46,12.676238867318883,56.013433640308286,13.5,346.3,0,0,0,84
9,SO,351008000,266.076,12.675771134688057,56.01450433320132,13.4,347.4,0,0,0,84
9,SO,351008000,283.96,12.675337952830558,56.015589340155984,13.5,348.1,0,0,0,84
9,SO,351008000,302.77,12.674906085006738,56.01673499190366,13.7,348.7,0,0,0,84
9,SO,351008000,321.952,12.67448219097376,56.01792407664919,13.9,349.2,0,0,0,84
9,SO,351008000,341.017,12.67407004319205,56.019132150986835,13.9,349.2,0,0,0,84
9,SO,351008000,360.122,12.673657498770066,56.02033880093406,13.6,348.8,0,0,0,84
9,SO,351008000,379.466,12.673235432743502,56.02152977864639,13.4,348.9,0,0,0,84
9,SO,351008000,398.968,12.672817572213315,56.022715089002645,13.5,349.4,0,0,0,84
9,SO,351008000,418.492,12.672417463054632,56.023909810886934,13.6,349.6,0,0,0,84
9,SO,351008000,437.973,12.672019450365967,56.025118661274014,13.8,349.3,0,0,0,84
9,SO,351008000,457.359,12.671606447970133,56.02633889394038,13.8,349.3,0,0,0,84
9,SO,351008000,476.562,12.67119860249778,56.02754552750477,13.5,349.8,0,0,0,84
9,SO,351008000,495.502,12.670821727024073,56.028713293172494,13.4,350.1,0,0,0,84
9,SO,351008000,514.277,12.670462197218717,56.029861282259134,13.6,350.0,0,0,0,84
9,SO,351008000,533.077,12.67009410848891,56.03102467123241,13.7,350.2,0,0,0,84
9,SO,351008000,552.349,12.669721320302095,56.03222945395321,13.6,351.1,0,0,0,84
9,SO,351008000,572.689,12.669365481780462,56.03349493367362,13.5,350.7,0,0,0,84
9,SO,351008000,594.656,12.668969845615067,56.03484421217033,13.4,347.1,0,0,0,84
9,SO,351008000,618.751,12.668372854083444,56.036301525910005,13.4,342.4,0,0,0,84
9,SO,351008000,643.976,12.667523770785518,56.0377963089954,13.2,340.4,0,0,0,84
9,SO,351008000,667.165,12.666672420458946,56.0391336187535,13.0,340.3,0,0,0,84
9,SO,351008000,687.325,12.66594028148212,56.04027629558351,13.2,340.3,0,0,0,84
9,SO,351008000,707.156,12.665211111063764,56.041413964345274,13.5,340.3,0,0,0,84
9,SO,351008000,728.751,12.664398159506161,56.04268182269447,13.6,340.3,0,0,0,84
9,SO,351008000,752.829,12.663487733336515,56.0441055031663,13.3,340.5,0,0,0,84
