encounter_id,ship_role,mmsi,timestamp,lon,lat,sog,cog,heading,rot,status,shiptype
0,GW,219230000,0.0,12.617477823488723,56.03261854060756,2.9,88.0,0,0,0,73
0,GW,219230000,29.592,12.61817816988214,56.032631882800914,4.6,82.5,0,0,0,73
0,GW,219230000,59.308,12.619304274670819,56.032714178422786,6.1,79.9,0,0,0,73
0,GW,219230000,88.775,12.620759336354272,56.03285906290581,7.2,78.0,0,0,0,73
0,GW,219230000,117.616,12.622433299655095,56.03305720502921,7.9,76.5,0,0,0,73
0,GW,219230000,145.498,12.624217093672573,56.03329693223647,8.5,75.5,0,0,0,73
0,GW,219230000,172.835,12.62607643948518,56.03356492266259,8.8,75.5,0,0,0,73
0,GW,219230000,200.649,12.628048899737406,56.03385013392878,9.2,76.9,0,0,0,73
0,GW,219230000,228.991,12.630147934997991,56.03412311240419,9.7,80.3,0,0,0,73
0,GW,219230000,256.545,12.632328401949167,56.034330679519115,10.2,84.8,0,0,0,73
0,GW,219230000,282.483,12.634503860919217,56.03444088081847,10.2,89.7,0,0,0,73
0,GW,219230000,307.139,12.63658202853157,56.03444698156874,9.9,95.3,0,0,0,73
0,GW,219230000,331.017,12.638523067297763,56.03434639986987,9.8,100.5,0,0,0,73
0,GW,219230000,354.823,12.640419687753468,56.0341505774566,10.1,104.2,0,0,0,73
0,GW,219230000,379.179,12.642388366886237,56.03387149524323,10.4,105.8,0,0,0,73
0,GW,219230000,403.552,12.644415068041903,56.03355078161499,10.7,105.3,0,0,0,73
0,GW,219230000,426.958,12.646416869607714,56.033243989010735,10.7,104.9,0,0,0,73
0,GW,219230000,449.287,12.648323125642364,56.032959846968666,10.3,105.5,0,0,0,73
0,GW,219230000,470.888,12.650091943971653,56.03268564430767,10.1,105.1,0,0,0,73
0,GW,219230000,491.818,12.651782321874528,56.03243124462573,10.7,102.1,0,0,0,73
0,GW,219230000,511.839,12.653522184310967,56.03222357900995,11.7,98.3,0,0,0,73
0,GW,219230000,531.035,12.655363081123763,56.032073928273505,11.7,95.8,0,0,0,73
0,GW,219230000,550.498,12.657233999903491,56.03196814496167,10.7,93.8,0,0,0,73
0,GW,219230000,571.176,12.659057110894503,56.03190113119534,10.1,90.8,0,0,0,73
0,GW,219230000,592.768,12.660853856331123,56.03188641476889,10.2,87.1,0,0,0,73
0,GW,219230000,614.751,12.66270238287924,56.03193820385866,10.4,82.8,0,0,0,73
0,GW,219230000,637.332,12.664624293344257,56.03207410511951,10.2,77.1,0,0,0,73
0,GW,219230000,661.16,12.666584873319655,56.03232408728071,9.9,70.9,0,0,0,73
0,GW,219230000,686.228,12.66853197745909,56.03270128804793,9.8,65.8,0,0,0,73
0,GW,219230000,711.819,12.670429070179834,56.033178250158635,9.8,61.7,0,0,0,73
0,GW,219230000,737.998,12.672290555646999,56.033739148770586,9.6,57.8,0,0,0,73
0,GW,219230000,765.74,12.674165859612232,56.034399266526925,9.5,54.0,0,0,0,73
0,GW,219230000,796.067,12.676087249647393,56.03518051436776,9.2,50.0,0,0,0,73
0,SO,266476000,0.0,12.683034990440719,56.011829277513954,10.9,344.6,0,0,0,77
0,SO,266476000,29.592,12.682329971727588,56.013262785856945,10.5,344.5,0,0,0,77
0,SO,266476000,59.308,12.681641321892592,56.01465547570358,10.1,344.5,0,0,0,77
0,SO,266476000,88.775,12.680981960618885,56.015987084513924,9.7,344.6,0,0,0,77
0,SO,266476000,117.616,12.68036348947101,56.01723981680572,9.3,344.7,0,0,0,77
0,SO,266476000,145.498,12.679794731721994,56.01840146705845,9.0,345.1,0,0,0,77
0,SO,266476000,172.835,12.679268415967961,56.01950630230836,8.9,345.9,0,0,0,77
0,SO,266476000,200.649,12.678767970501266,56.020621493840416,8.8,346.6,0,0,0,77
0,SO,266476000,228.991,12.678288315918106,56.02174732567185,8.4,346.3,0,0,0,77
0,SO,266476000,256.545,12.677833326656557,56.02279382792374,8.0,345.7,0,0,0,77
0,SO,266476000,282.483,12.677407771173062,56.02372707293534,8.0,346.1,0,0,0,77
0,SO,266476000,307.139,12.67701607359259,56.02460966153728,8.2,347.2,0,0,0,77
0,SO,266476000,331.017,12.67665719360881,56.02549412717259,8.3,347.8,0,0,0,77
0,SO,266476000,354.823,12.67631293958639,56.026385384118264,8.1,347.5,0,0,0,77
0,SO,266476000,379.179,12.675961503559689,56.027272279647576,7.9,346.5,0,0,0,77
0,SO,266476000,403.552,12.675589320639638,56.02813848826843,8.0,345.1,0,0,0,77
0,SO,266476000,426.958,12.67519104758696,56.02897229770429,8.4,344.2,0,0,0,77
0,SO,266476000,449.287,12.674769403677493,56.02980248538263,9.1,344.1,0,0,0,77
0,SO,266476000,470.888,12.674326394767293,56.030673106189866,9.8,344.3,0,0,0,77
0,SO,266476000,491.818,12.673864874272471,56.03158827866619,10.4,344.1,0,0,0,77
0,SO,266476000,511.839,12.673391810316817,56.03251544775857,10.8,343.8,0,0,0,77
0,SO,266476000,531.035,12.672913568282661,56.03343435611334,10.8,343.7,0,0,0,77
0,SO,266476000,550.498,12.672427426132392,56.03436560639052,10.6,343.9,0,0,0,77
0,SO,266476000,571.176,12.671926240720055,56.03533567085253,10.9,343.8,0,0,0,77
0,SO,266476000,592.768,12.671384945469594,56.03637670060467,11.8,343.4,0,0,0,77
0,SO,266476000,614.751,12.670771196775563,56.03752648509928,12.2,343.1,0,0,0,77
0,SO,266476000,637.332,12.670108227562832,56.03874791217052,11.3,343.2,0,0,0,77
0,SO,266476000,661.16,12.669464239348832,56.039940523031156,10.2,343.3,0,0,0,77
0,SO,266476000,686.228,12.66885162765221,56.041078573121624,10.6,342.7,0,0,0,77
0,SO,266476000,711.819,12.668184855905071,56.04227600676354,11.5,342.2,0,0,0,77
0,SO,266476000,737.998,12.667418962054494,56.04360533006586,12.0,342.1,0,0,0,77
0,SO,266476000,765.74,12.6665721674263,56.04506625964983,11.7,342.5,0,0,0,77
0,SO,266476000,796.067,12.66568301118221,56.04663758907711,10.7,343.7,0,0,0,77
1,GW,265041000,31.453,12.618579294220018,56.032713340986334,5.5,78.3,0,0,0,73
1,GW,265041000,61.673,12.619929515204877,56.032870124423184,6.8,77.5,0,0,0,73
1,GW,265041000,90.689,12.62153168689485,56.03306854471722,7.8,77.4,0,0,0,73
1,GW,265041000,118.531,12.623281309636692,56.03328783480806,8.4,77.5,0,0,0,73
1,GW,265041000,145.235,12.625094787429731,56.033511607995365,8.8,77.9,0,0,0,73
1,GW,265041000,170.929,12.626931214107307,56.033732064295684,9.2,78.2,0,0,0,73
1,GW,265041000,195.818,12.628780774750037,56.03394731272269,9.4,78.5,0,0,0,73
1,GW,265041000,220.257,12.630636857465303,56.034157590152645,9.3,78.6,0,0,0,73
1,GW,265041000,244.894,12.632491233740817,56.03436599915436,9.0,78.6,0,0,0,73
1,GW,265041000,270.063,12.634337797303036,56.034573693972305,9.0,78.8,0,0,0,73
1,GW,265041000,295.313,12.636183136588249,56.03477758652163,9.0,79.1,0,0,0,73
1,GW,265041000,320.447,12.638032552663088,56.034977018936914,8.9,79.0,0,0,0,73
1,GW,265041000,346.057,12.63987968467163,56.03517705368528,8.5,78.9,0,0,0,73
1,GW,265041000,372.446,12.641709941076805,56.03537711406882,8.3,79.5,0,0,0,73
1,GW,265041000,399.118,12.643510654365333,56.03556384065481,8.2,81.1,0,0,0,73
1,GW,265041000,425.537,12.64527393963848,56.03571844927924,8.0,84.8,0,0,0,73
1,GW,265041000,451.415,12.64698733687445,56.0358048532416,7.9,90.7,0,0,0,73
1,GW,265041000,476.565,12.648639234586854,56.03579326939663,7.9,94.9,0,0,0,73
1,GW,265041000,501.15,12.650240289436816,56.03571645976388,7.8,95.4,0,0,0,73
1,GW,265041000,525.543,12.651814205228535,56.03563402600701,7.8,95.4,0,0,0,73
1,GW,265041000,549.903,12.653374802653174,56.03555236182584,7.8,97.0,0,0,0,73
1,GW,265041000,574.249,12.654929706292151,56.03544554625486,7.8,97.6,0,0,0,73
1,GW,265041000,598.73,12.656492375155933,56.03532888637348,7.7,95.1,0,0,0,73
1,GW,265041000,623.573,12.658079252847426,56.03525027070502,7.7,92.6,0,0,0,73
1,GW,265041000,648.296,12.659660586498122,56.035210649843584,7.7,92.9,0,0,0,73
1,GW,265041000,671.883,12.661171478118522,56.035167782398354,7.8,93.2,0,0,0,73
1,GW,265041000,695.367,12.662679214230046,56.03512113974197,7.8,90.3,0,0,0,73
1,GW,265041000,721.707,12.66437678835525,56.03511634623664,7.8,83.8,0,0,0,73
1,GW,265041000,751.136,12.666264775900178,56.03523112987872,7.8,74.0,0,0,0,73
1,GW,265041000,780.506,12.668098773464932,56.035525198992175,8.1,64.8,0,0,0,73
1,GW,265041000,808.469,12.669792460476867,56.035970020251554,8.4,60.6,0,0,0,73
1,GW,265041000,836.547,12.671485659041675,56.03650202864586,8.5,61.1,0,0,0,73
1,GW,265041000,866.477,12.673335743344525,56.03707161116043,8.6,67.0,0,0,0,73
1,SO,244620571,31.453,12.686128744004524,56.00625025629784,10.0,343.5,0,0,0,84
1,SO,244620571,61.673,12.685415909788032,56.007593627146065,10.0,343.5,0,0,0,84
1,SO,244620571,90.689,12.684734469019908,56.00888271901348,10.0,343.6,0,0,0,84
1,SO,244620571,118.531,12.68408112354576,56.01011980887536,10.0,343.5,0,0,0,84
1,SO,244620571,145.235,12.683452626832937,56.01130716052857,10.0,343.3,0,0,0,84
1,SO,244620571,170.929,12.682838393465481,56.01244988201171,10.1,342.7,0,0,0,84
1,SO,244620571,195.818,12.682223048228082,56.01355575914461,10.1,342.0,0,0,0,84
1,SO,244620571,220.257,12.681594764357168,56.014638411963766,10.0,341.5,0,0,0,84
1,SO,244620571,244.894,12.68094561865757,56.015722352388536,10.0,341.3,0,0,0,84
1,SO,244620571,270.063,12.68027979663954,56.016822742926536,10.0,341.9,0,0,0,84
1,SO,244620571,295.313,12.679630666827777,56.017932731933335,10.1,342.9,0,0,0,84
1,SO,244620571,320.447,12.67901565810165,56.019051348084474,10.1,343.6,0,0,0,84
1,SO,244620571,346.057,12.678410958696666,56.02019732367494,10.1,343.8,0,0,0,84
1,SO,244620571,372.446,12.677797608762797,56.02137769369229,10.1,343.7,0,0,0,84
1,SO,244620571,399.118,12.677174547841199,56.02257052876017,10.1,343.4,0,0,0,84
1,SO,244620571,425.537,12.676544577454589,56.02375201990471,10.1,343.2,0,0,0,84
1,SO,244620571,451.415,12.67592018787161,56.02490513184083,10.0,343.1,0,0,0,84
1,SO,244620571,476.565,12.675314040954365,56.02601765565989,10.0,343.0,0,0,0,84
1,SO,244620571,501.15,12.674719571591092,56.02710289714543,10.1,342.8,0,0,0,84
1,SO,244620571,525.543,12.674120296030003,56.02818745331002,10.1,342.8,0,0,0,84
1,SO,244620571,549.903,12.673520753363391,56.02927118891976,9.9,343.0,0,0,0,84
1,SO,244620571,574.249,12.672938427214882,56.03033770701664,9.8,343.3,0,0,0,84
1,SO,244620571,598.73,12.672365774542588,56.03140369788729,10.0,343.4,0,0,0,84
1,SO,244620571,623.573,12.671776251363365,56.03251054084093,10.2,343.5,0,0,0,84
1,SO,244620571,648.296,12.671179089705953,56.03363407197115,10.2,343.4,0,0,0,84
1,SO,244620571,671.883,12.670613510572048,56.03469590010203,10.0,343.3,0,0,0,84
1,SO,244620571,695.367,12.670056958340655,56.035735284051704,10.0,343.2,0,0,0,84
1,SO,244620571,721.707,12.669429884826899,56.036897237162464,10.0,343.1,0,0,0,84
1,SO,244620571,751.136,12.668720787098678,56.038202936419694,10.1,343.1,0,0,0,84
1,SO,244620571,780.506,12.668010137178786,56.039513376932376,10.1,343.2,0,0,0,84
1,SO,244620571,808.469,12.667334218510689,56.040765403060576,10.1,343.2,0,0,0,84
1,SO,244620571,836.547,12.666655516562276,56.04202261770853,10.1,343.1,0,0,0,84
1,SO,244620571,866.477,12.66593092577225,56.04335791835614,10.0,343.0,0,0,0,84
2,GW,219230000,30.855,12.617913224270485,56.03324704982224,2.7,74.6,0,0,0,73
2,GW,219230000,42.687,12.618171693944042,56.033286836552904,3.5,76.7,0,0,0,73
2,GW,219230000,55.769,12.618545881286376,56.033336391454725,4.5,78.0,0,0,0,73
2,GW,219230000,70.195,12.619071195969143,56.0333986740188,5.3,78.9,0,0,0,73
2,GW,219230000,85.851,12.619742877158542,56.03347263457057,6.0,79.8,0,0,0,73
2,GW,219230000,103.474,12.620598690200975,56.03355838872154,6.7,81.7,0,0,0,73
2,GW,219230000,125.033,12.621786459072691,56.03365496166901,7.6,84.6,0,0,0,73
2,GW,219230000,151.003,12.62341628330409,56.0337409302506,8.5,88.1,0,0,0,73
2,GW,219230000,178.44,12.625351631794796,56.03377708506406,9.3,91.4,0,0,0,73
2,GW,219230000,204.536,12.627360526120484,56.033748722802,9.7,93.1,0,0,0,73
2,GW,219230000,229.236,12.629334344586681,56.033689031044105,9.7,93.4,0,0,0,73
2,GW,219230000,253.476,12.631272433294498,56.033624416822576,9.8,93.8,0,0,0,73
2,GW,219230000,278.96,12.633326664597847,56.03354740462174,10.0,94.5,0,0,0,73
2,GW,219230000,306.86,12.635634638394764,56.03344597716021,10.3,94.2,0,0,0,73
2,GW,219230000,335.009,12.638030381776703,56.033347290389294,10.5,92.9,0,0,0,73
2,GW,219230000,360.789,12.640274710284501,56.03328326240794,10.6,91.7,0,0,0,73
2,GW,219230000,385.014,12.642391581377721,56.03324840457644,10.4,90.8,0,0,0,73
2,GW,219230000,409.605,12.644509431341653,56.03323222845173,10.4,90.2,0,0,0,73
2,GW,219230000,433.757,12.646580465125881,56.03322758377599,10.5,89.9,0,0,0,73
2,GW,219230000,455.671,12.64848550392616,56.033228811870224,10.5,88.5,0,0,0,73
2,GW,219230000,475.933,12.650244791047783,56.03325521359599,10.2,85.0,0,0,0,73
2,GW,219230000,496.428,12.651970719843028,56.03333956712182,9.9,79.9,0,0,0,73
2,GW,219230000,518.27,12.653736848229574,56.03351539326502,10.0,74.7,0,0,0,73
2,GW,219230000,541.272,12.65557731894114,56.033795943838314,10.4,70.7,0,0,0,73
2,GW,219230000,565.148,12.657524643281718,56.03417675260613,10.7,69.1,0,0,0,73
2,GW,219230000,589.698,12.659557459214525,56.03460997211704,10.7,69.6,0,0,0,73
2,GW,219230000,614.596,12.661624294998294,56.03503898874318,10.5,70.1,0,0,0,73
2,GW,219230000,638.924,12.663616953509802,56.03544142993997,10.3,70.2,0,0,0,73
2,GW,219230000,661.968,12.665460639364937,56.035812746888894,10.2,70.1,0,0,0,73
2,GW,219230000,684.659,12.667264759901341,56.03617775208182,10.4,70.0,0,0,0,73
2,GW,219230000,708.298,12.669174319062327,56.03656665093433,10.6,69.8,0,0,0,73
2,GW,219230000,733.378,12.67123644659175,56.03698983993469,10.7,69.7,0,0,0,73
2,SO,230091950,30.855,12.673347628410973,56.015054378067404,11.5,346.9,0,0,0,84
2,SO,230091950,42.687,12.673093327019993,56.01566657812842,11.2,349.7,0,0,0,84
2,SO,230091950,55.769,12.672876559999105,56.01633264591063,10.7,353.0,0,0,0,84
2,SO,230091950,70.195,12.672720647420173,56.017041535143015,10.5,355.2,0,0,0,84
2,SO,230091950,85.851,12.672606513469766,56.017797324415035,10.5,356.4,0,0,0,84
2,SO,230091950,103.474,12.672511237691914,56.01865019214977,10.7,357.9,0,0,0,84
2,SO,230091950,125.033,12.672441425101734,56.01971453440725,11.0,359.4,0,0,0,84
2,SO,230091950,151.003,12.672417268844104,56.02103663480352,11.1,0.1,0,0,0,84
2,SO,230091950,178.44,12.672423787911395,56.02244932600118,11.0,360.0,0,0,0,84
2,SO,230091950,204.536,12.67242357709359,56.023777976846056,10.9,359.6,0,0,0,84
2,SO,230091950,229.236,12.672408666931615,56.025022950074735,10.9,359.3,0,0,0,84
2,SO,230091950,253.476,12.672381966040115,56.02624085368372,10.9,359.4,0,0,0,84
2,SO,230091950,278.96,12.672357623784345,56.02752154695432,10.9,359.4,0,0,0,84
2,SO,230091950,306.86,12.672331512136662,56.02892475998583,10.8,356.4,0,0,0,84
2,SO,230091950,335.009,12.672172999463575,56.03032795145082,10.7,350.1,0,0,0,84
2,SO,230091950,360.789,12.671781370058675,56.0315869443932,10.7,344.1,0,0,0,84
2,SO,230091950,385.014,12.671195709578601,56.03273693249966,10.6,339.3,0,0,0,84
2,SO,230091950,409.605,12.670433393632944,56.03386517767738,10.6,336.2,0,0,0,84
2,SO,230091950,433.757,12.669580270324676,56.034946003738725,10.6,335.0,0,0,0,84
2,SO,230091950,455.671,12.668769851644356,56.03591838764822,10.6,334.9,0,0,0,84
2,SO,230091950,475.933,12.668015274598957,56.03681825447977,10.6,335.3,0,0,0,84
2,SO,230091950,496.428,12.667260546698115,56.03773391847014,10.7,335.9,0,0,0,84
2,SO,230091950,518.27,12.666473504951924,56.038716513419324,10.6,336.3,0,0,0,84
2,SO,230091950,541.272,12.665660209445795,56.03975166269903,10.6,336.4,0,0,0,84
2,SO,230091950,565.148,12.664824381829098,56.04082002215671,10.5,336.0,0,0,0,84
2,SO,230091950,589.698,12.66395398472097,56.04191339229922,10.6,335.4,0,0,0,84
2,SO,230091950,614.596,12.663045623836409,56.043021415194666,10.7,335.5,0,0,0,84
2,SO,230091950,638.924,12.662155071276459,56.04411240639017,10.7,336.3,0,0,0,84
2,SO,230091950,661.968,12.661331254318869,56.04515953349137,10.7,336.8,0,0,0,84
2,SO,230091950,684.659,12.660534926500967,56.0461949541131,10.7,336.7,0,0,0,84
2,SO,230091950,708.298,12.659709278794224,56.04726541789403,10.5,336.2,0,0,0,84
2,SO,230091950,733.378,12.65882595263234,56.048385385178676,10.4,335.4,0,0,0,84
3,GW,265041000,95.576,12.627568275246894,56.03352268408519,10.5,81.8,0,0,0,73
3,GW,265041000,103.04,12.628209536733422,56.0335744302588,10.2,81.3,0,0,0,73
3,GW,265041000,110.431,12.628827952021648,56.03362749275337,9.9,81.1,0,0,0,73
3,GW,265041000,118.119,12.629449980424853,56.03368170666525,9.5,81.5,0,0,0,73
3,GW,265041000,126.426,12.630096903230095,56.03373582123844,9.4,82.4,0,0,0,73
3,GW,265041000,135.183,12.63077228256065,56.03378604658995,9.7,83.8,0,0,0,73
3,GW,265041000,144.025,12.631481151937644,56.033828790797614,10.2,85.2,0,0,0,73
3,GW,265041000,153.774,12.632304918962175,56.033867246996486,10.5,86.2,0,0,0,73
3,GW,265041000,166.59,12.633415322719154,56.033908299280405,10.3,86.7,0,0,0,73
3,GW,265041000,184.3,12.634916958344679,56.03395721976732,10.0,86.6,0,0,0,73
3,GW,265041000,205.593,12.636676099234826,56.03401616946961,10.1,86.0,0,0,0,73
3,GW,265041000,227.903,12.638533934849155,56.03408924708551,10.2,85.6,0,0,0,73
3,GW,265041000,250.343,12.640419655390586,56.03416937508477,10.1,86.0,0,0,0,73
3,GW,265041000,272.776,12.64229136730613,56.0342432999203,9.9,86.9,0,0,0,73
3,GW,265041000,295.046,12.644113824177595,56.034297678534756,9.6,88.7,0,0,0,73
3,GW,265041000,316.98,12.645858831025496,56.034319935901436,9.3,91.9,0,0,0,73
3,GW,265041000,338.516,12.647508389483901,56.03428890719383,8.9,97.9,0,0,0,73
3,GW,265041000,359.767,12.649057349510315,56.03416875611503,8.7,105.5,0,0,0,73
3,GW,265041000,380.844,12.65051343608491,56.03394273695005,8.6,108.7,0,0,0,73
3,GW,265041000,401.774,12.651932996156589,56.03367400847242,8.7,106.1,0,0,0,73
3,GW,265041000,422.585,12.653381365756475,56.03343979557857,8.9,101.9,0,0,0,73
3,GW,265041000,443.613,12.654901462531312,56.033261252896814,9.1,98.8,0,0,0,73
3,GW,265041000,465.427,12.656523003956066,56.033121196862766,9.2,95.9,0,0,0,73
3,GW,265041000,488.41,12.658266086908526,56.03301984598845,9.3,91.3,0,0,0,73
3,GW,265041000,512.558,12.660127902100605,56.03299556840162,9.4,84.6,0,0,0,73
3,GW,265041000,537.765,12.662084986734476,56.03309972200592,9.5,75.3,0,0,0,73
3,GW,265041000,563.75,12.66405975908251,56.03338833548433,9.7,64.2,0,0,0,73
3,GW,265041000,590.278,12.665974128388102,56.03390422813241,10.0,57.7,0,0,0,73
3,GW,265041000,617.731,12.667886946186956,56.03457933172819,10.0,58.5,0,0,0,73
3,GW,265041000,646.772,12.669931717797024,56.03527908111876,9.9,61.3,0,0,0,73
3,GW,265041000,677.594,12.672145663221846,56.03595572738977,9.9,61.0,0,0,0,73
3,SO,220018000,95.576,12.682581202368523,56.020396530345074,8.4,316.9,0,0,0,77
3,SO,220018000,103.04,12.682225683005399,56.020608978073106,7.9,319.5,0,0,0,77
3,SO,220018000,110.431,12.681911518414143,56.02081447233142,6.9,321.6,0,0,0,77
3,SO,220018000,118.119,12.681637824818898,56.02100759123152,5.5,324.1,0,0,0,77
3,SO,220018000,126.426,12.681414467369096,56.02118018979961,5.2,331.5,0,0,0,77
3,SO,220018000,135.183,12.681233923898482,56.02136607960651,6.9,340.1,0,0,0,77
3,SO,220018000,144.025,12.681061440694574,56.021633015186694,9.4,344.3,0,0,0,77
3,SO,220018000,153.774,12.680855001931159,56.0220426199198,11.0,345.6,0,0,0,77
3,SO,220018000,166.59,12.680566332168091,56.02267249492607,10.7,344.9,0,0,0,77
3,SO,220018000,184.3,12.680157989907865,56.0235166637982,10.2,343.8,0,0,0,77
3,SO,220018000,205.593,12.679657665934915,56.02447901010906,10.8,344.2,0,0,0,77
3,SO,220018000,227.903,12.67911545469657,56.02555037762913,11.3,344.8,0,0,0,77
3,SO,220018000,250.343,12.67856669346723,56.02667897052594,11.0,345.0,0,0,0,77
3,SO,220018000,272.776,12.67803880831261,56.02778094497274,10.7,345.2,0,0,0,77
3,SO,220018000,295.046,12.67753407488863,56.02884563015189,11.0,345.5,0,0,0,77
3,SO,220018000,316.98,12.677034591076382,56.02992147779851,11.4,345.8,0,0,0,77
3,SO,220018000,338.516,12.67653443124278,56.031023873961395,11.5,346.0,0,0,0,77
3,SO,220018000,359.767,12.67604528117103,56.03212008635353,11.2,346.2,0,0,0,77
3,SO,220018000,380.844,12.675575893938092,56.03318469151979,11.1,346.3,0,0,0,77
3,SO,220018000,401.774,12.675120759740269,56.03422734404085,11.1,346.4,0,0,0,77
3,SO,220018000,422.585,12.674671049255517,56.03526636245685,11.2,346.6,0,0,0,77
3,SO,220018000,443.613,12.674218697237352,56.036324803513246,11.2,346.9,0,0,0,77
3,SO,220018000,465.427,12.673756603207263,56.03743001768286,11.3,347.0,0,0,0,77
3,SO,220018000,488.41,12.673273067354025,56.038598463280884,11.3,346.4,0,0,0,77
3,SO,220018000,512.558,12.672741204709867,56.039822768636995,11.2,345.2,0,0,0,77
3,SO,220018000,537.765,12.672140110566678,56.04109048651715,11.2,344.4,0,0,0,77
3,SO,220018000,563.75,12.671493293520221,56.042387381647785,11.1,344.4,0,0,0,77
3,SO,220018000,590.278,12.670834632419597,56.04370410428997,11.1,344.8,0,0,0,77
3,SO,220018000,617.731,12.670172319210225,56.045066537974094,11.2,345.5,0,0,0,77
3,SO,220018000,646.772,12.6695019544496,56.04651736550587,11.2,345.4,0,0,0,77
3,SO,220018000,677.594,12.668783646430098,56.0480591017194,11.1,343.3,0,0,0,77
4,GW,265041000,54.802,12.619413602187752,56.03262599866692,6.4,87.2,0,0,0,73
4,GW,265041000,79.497,12.620713965024864,56.03266120727492,7.3,85.7,0,0,0,73
4,GW,265041000,102.903,12.622120950032054,56.0327196300365,7.8,84.1,0,0,0,73
4,GW,265041000,125.417,12.623574496092342,56.03280310159855,8.2,82.4,0,0,0,73
4,GW,265041000,147.596,12.625069368622388,56.03291453627632,8.5,80.6,0,0,0,73
4,GW,265041000,170.074,12.626629248647664,56.033059231890235,8.7,79.1,0,0,0,73
4,GW,265041000,193.007,12.628244854828441,56.033232828947206,8.7,78.6,0,0,0,73
4,GW,265041000,216.004,12.629863391133908,56.03341551791943,8.6,78.7,0,0,0,73
4,GW,265041000,238.77,12.63146039805176,56.03359449133479,8.8,78.7,0,0,0,73
4,GW,265041000,261.253,12.633069784512218,56.03377362314228,9.1,78.7,0,0,0,73
4,GW,265041000,283.489,12.634718049048095,56.03395711545591,9.3,78.6,0,0,0,73
4,GW,265041000,305.743,12.636395876043471,56.03414546033787,9.3,78.5,0,0,0,73
4,GW,265041000,328.261,12.63808620149307,56.034337911697214,9.2,78.5,0,0,0,73
4,GW,265041000,350.833,12.639764844264816,56.03452916425794,9.1,78.7,0,0,0,73
4,GW,265041000,373.073,12.641407228470644,56.03471251924895,9.0,78.9,0,0,0,73
4,GW,265041000,394.911,12.643012039318203,56.0348883566412,9.0,78.9,0,0,0,73
4,GW,265041000,416.532,12.644596058666428,56.03506212584436,9.0,78.8,0,0,0,73
4,GW,265041000,438.112,12.646177223570438,56.035236694870505,9.1,79.0,0,0,0,73
4,GW,265041000,459.806,12.64777555821582,56.0354107663471,9.1,79.3,0,0,0,73
4,GW,265041000,481.77,12.649407474802583,56.035583450936464,9.1,79.4,0,0,0,73
4,GW,265041000,504.174,12.651071737780827,56.035757601943985,9.0,79.3,0,0,0,73
4,GW,265041000,527.122,12.652759001886515,56.035936451940856,9.0,79.2,0,0,0,73
4,GW,265041000,550.101,12.654445658505564,56.03611609182392,9.2,79.4,0,0,0,73
4,GW,265041000,572.336,12.656102553145367,56.03628956520736,9.2,79.2,0,0,0,73
4,GW,265041000,594.172,12.657742822834406,56.036464012968196,9.1,78.2,0,0,0,73
4,GW,265041000,616.906,12.6594190415298,56.03665939903763,8.9,76.9,0,0,0,73
4,GW,265041000,641.086,12.661150180472928,56.03688409975449,8.8,76.7,0,0,0,73
4,GW,265041000,665.932,12.66292021873078,56.037117907448916,8.9,77.3,0,0,0,73
4,GW,265041000,690.54,12.664696188657068,56.03734189323529,9.0,77.6,0,0,0,73
4,GW,265041000,714.021,12.66640047716817,56.03755110824871,9.0,77.7,0,0,0,73
4,GW,265041000,736.16,12.668004397238336,56.037747041735734,8.9,77.6,0,0,0,73
4,GW,265041000,758.335,12.669603721532962,56.0379427154726,8.9,77.6,0,0,0,73
4,GW,265041000,781.8,12.671284654426401,56.0381498418317,8.8,77.3,0,0,0,73
4,GW,265041000,806.043,12.67300503142093,56.03836593264489,8.7,76.9,0,0,0,73
4,SO,257550000,54.802,12.685795556801784,56.006475406722764,12.3,341.6,0,0,0,77
4,SO,257550000,79.497,12.685000710249223,56.00780977444054,12.4,341.2,0,0,0,77
4,SO,257550000,102.903,12.684227074644966,56.009083455771304,12.7,341.3,0,0,0,77
4,SO,257550000,125.417,12.683469512463807,56.01033292225313,12.8,341.4,0,0,0,77
4,SO,257550000,147.596,12.682721264121326,56.01157451025021,12.6,341.4,0,0,0,77
4,SO,257550000,170.074,12.681975204840612,56.012814543885234,12.4,341.4,0,0,0,77
4,SO,257550000,193.007,12.681226444703382,56.01405880619374,12.5,341.4,0,0,0,77
4,SO,257550000,216.004,12.680470320794697,56.01531640399003,12.7,341.4,0,0,0,77
4,SO,257550000,238.77,12.67970707112542,56.01658532841605,12.8,341.3,0,0,0,77
4,SO,257550000,261.253,12.678946442536189,56.017842065395236,12.6,341.2,0,0,0,77
4,SO,257550000,283.489,12.678196631692295,56.01907109279073,12.5,341.3,0,0,0,77
4,SO,257550000,305.743,12.677458063223613,56.02028841263193,12.4,341.6,0,0,0,77
4,SO,257550000,328.261,12.676728861858143,56.0215130142569,12.4,341.6,0,0,0,77
4,SO,257550000,350.833,12.675996715531348,56.02274361436007,12.6,341.1,0,0,0,77
4,SO,257550000,373.073,12.675246847684345,56.02397047442299,12.8,341.0,0,0,0,77
4,SO,257550000,394.911,12.674495631314274,56.02519119239323,12.8,341.8,0,0,0,77
4,SO,257550000,416.532,12.673779437038856,56.02641071801141,12.8,343.1,0,0,0,77
4,SO,257550000,438.112,12.673112628273064,56.02763360856537,12.8,343.8,0,0,0,77
4,SO,257550000,459.806,12.672474789601997,56.0288628674585,12.7,344.2,0,0,0,77
4,SO,257550000,481.77,12.671846746131367,56.03010286589533,12.6,344.7,0,0,0,77
4,SO,257550000,504.174,12.67122719335662,56.031364913520655,12.6,345.3,0,0,0,77
4,SO,257550000,527.122,12.670620959968709,56.03265789475912,12.5,345.8,0,0,0,77
4,SO,257550000,550.101,12.670034764634787,56.03395070527014,12.5,345.9,0,0,0,77
4,SO,257550000,572.336,12.669473268080266,56.03519557288697,12.5,345.8,0,0,0,77
4,SO,257550000,594.172,12.668919941697474,56.03641727426202,12.6,345.8,0,0,0,77
4,SO,257550000,616.906,12.668339764170065,56.03770192237972,12.8,345.9,0,0,0,77
4,SO,257550000,641.086,12.667717769734564,56.03908617815342,12.8,345.9,0,0,0,77
4,SO,257550000,665.932,12.667076294561552,56.04051033963071,12.7,345.9,0,0,0,77
4,SO,257550000,690.54,12.666443604542787,56.04191351078215,12.7,346.1,0,0,0,77
4,SO,257550000,714.021,12.665849957300384,56.04325683206921,12.8,346.3,0,0,0,77
4,SO,257550000,736.16,12.66529476937561,56.044531899605786,12.8,345.6,0,0,0,77
4,SO,257550000,758.335,12.66471109058714,56.04580405566137,12.7,344.1,0,0,0,77
4,SO,257550000,781.8,12.664035945619196,56.04713208273405,12.7,343.4,0,0,0,77
4,SO,257550000,806.043,12.66330888859319,56.048495122280826,12.7,344.0,0,0,0,77
5,GW,265041000,174.863,12.62759569752297,56.033692036512974,9.3,78.3,0,0,0,73
5,GW,265041000,194.917,12.62911545741585,56.033867773204015,9.4,78.0,0,0,0,73
5,GW,265041000,214.987,12.630648913596719,56.03405000783838,9.5,77.4,0,0,0,73
5,GW,265041000,235.122,12.63219760798532,56.034243221762914,9.5,78.2,0,0,0,73
5,GW,265041000,255.171,12.633745350338646,56.03442440647274,9.4,83.3,0,0,0,73
5,GW,265041000,274.591,12.635238985139729,56.03452234222178,9.2,90.7,0,0,0,73
5,GW,265041000,293.138,12.636651302623676,56.034512119251374,9.1,95.7,0,0,0,73
5,GW,265041000,311.241,12.638010884975357,56.034436948805414,9.0,97.9,0,0,0,73
5,GW,265041000,329.275,12.639346639823877,56.0343328135864,9.0,98.5,0,0,0,73
5,GW,265041000,347.191,12.64067117846617,56.034221727356694,9.1,97.8,0,0,0,73
5,GW,265041000,364.881,12.641993733822119,56.03412016469598,9.2,97.2,0,0,0,73
5,GW,265041000,382.465,12.643329917349611,56.0340260761979,9.4,97.1,0,0,0,73
5,GW,265041000,400.138,12.644696704872187,56.033931100159364,9.5,97.1,0,0,0,73
5,GW,265041000,417.926,12.646082808118084,56.03383505207382,9.4,96.7,0,0,0,73
5,GW,265041000,435.715,12.64745281233884,56.03374459632259,9.2,96.0,0,0,0,73
5,GW,265041000,453.438,12.648795303966034,56.03366575038399,9.2,94.8,0,0,0,73
5,GW,265041000,471.115,12.650138454831067,56.03360318754592,9.3,92.9,0,0,0,73
5,GW,265041000,488.863,12.651508789900218,56.03356421698039,9.3,89.8,0,0,0,73
5,GW,265041000,507.102,12.652916892603088,56.033567186034176,9.2,85.2,0,0,0,73
5,GW,265041000,526.197,12.654362847317866,56.03363462343587,9.2,81.4,0,0,0,73
5,GW,265041000,545.76,12.655828608521093,56.03375917171114,9.3,79.3,0,0,0,73
5,GW,265041000,565.144,12.65729118317522,56.03391368884513,9.2,78.3,0,0,0,73
5,GW,265041000,584.031,12.658707413433376,56.034077576133555,9.0,77.9,0,0,0,73
5,GW,265041000,602.348,12.660040401388361,56.034237848663864,8.9,77.6,0,0,0,73
5,GW,265041000,621.073,12.661380481975922,56.03440309209298,9.1,77.1,0,0,0,73
5,GW,265041000,641.731,12.662890552842178,56.03459564484907,9.3,76.3,0,0,0,73
5,GW,265041000,663.817,12.664538554953486,56.03482009248031,9.2,74.7,0,0,0,73
5,GW,265041000,685.062,12.666095242438145,56.03505773582849,8.9,72.8,0,0,0,73
5,GW,265041000,704.372,12.667460854792521,56.03529421343483,8.9,71.3,0,0,0,73
5,GW,265041000,723.067,12.668768790588587,56.03554164571096,9.0,70.1,0,0,0,73
5,GW,265041000,742.466,12.670134931953722,56.035818198326496,9.1,68.5,0,0,0,73
5,GW,265041000,763.198,12.671593128179497,56.03613925868837,9.2,66.6,0,0,0,73
5,GW,265041000,785.369,12.673137273968665,56.0365126585287,9.2,65.1,0,0,0,73
5,GW,265041000,808.015,12.674704140012578,56.03691820240391,9.3,64.3,0,0,0,73
5,SO,305530000,174.863,12.688091507058223,56.007310080280284,14.4,341.5,0,0,0,84
5,SO,305530000,194.917,12.687332431568377,56.00857818320363,14.3,341.6,0,0,0,84
5,SO,305530000,214.987,12.686580829459013,56.009841939601756,14.3,341.6,0,0,0,84
5,SO,305530000,235.122,12.685832410344323,56.01110191232034,14.2,341.6,0,0,0,84
5,SO,305530000,255.171,12.685087846393285,56.012352876566844,14.3,341.6,0,0,0,84
5,SO,305530000,274.591,12.684359951579948,56.013575931450085,14.5,341.6,0,0,0,84
5,SO,305530000,293.138,12.68365596449795,56.01475947821481,14.6,341.6,0,0,0,84
5,SO,305530000,311.241,12.682966125820169,56.01591592227335,14.5,341.5,0,0,0,84
5,SO,305530000,329.275,12.682279375890383,56.01706092773349,14.6,341.4,0,0,0,84
5,SO,305530000,347.191,12.681590218229804,56.01820514423347,14.8,341.4,0,0,0,84
5,SO,305530000,364.881,12.680896280513595,56.01935452397217,14.9,341.3,0,0,0,84
5,SO,305530000,382.465,12.680202580954232,56.02050006107428,14.6,341.2,0,0,0,84
5,SO,305530000,400.138,12.679516210851986,56.02162829892711,14.3,341.2,0,0,0,84
5,SO,305530000,417.926,12.678834389694835,56.02274466750305,14.5,341.1,0,0,0,84
5,SO,305530000,435.715,12.67814570498304,56.02387116236858,14.8,341.1,0,0,0,84
5,SO,305530000,453.438,12.677443046357283,56.02501932717848,15.1,341.0,0,0,0,84
5,SO,305530000,471.115,12.676726417713333,56.026183454060785,15.2,340.9,0,0,0,84
5,SO,305530000,488.863,12.67599605557522,56.02736061267316,15.1,340.9,0,0,0,84
5,SO,305530000,507.102,12.67525142701666,56.02856134235684,14.7,341.1,0,0,0,84
5,SO,305530000,526.197,12.674495271782462,56.029792095991176,14.5,341.1,0,0,0,84
5,SO,305530000,545.76,12.673731087805448,56.03103760893842,14.7,340.8,0,0,0,84
5,SO,305530000,565.144,12.672958958203148,56.032279634060046,15.0,340.6,0,0,0,84
5,SO,305530000,584.031,12.672180273026576,56.033511646123536,15.3,340.3,0,0,0,84
5,SO,305530000,602.348,12.671396202998464,56.03473461002719,15.5,340.1,0,0,0,84
5,SO,305530000,621.073,12.670580664377518,56.035996616629504,15.2,340.2,0,0,0,84
5,SO,305530000,641.731,12.66969642571889,56.03736573645366,14.9,340.3,0,0,0,84
5,SO,305530000,663.817,12.668774877022182,56.03880007256744,14.9,340.4,0,0,0,84
5,SO,305530000,685.062,12.66789164440981,56.04018183589348,15.0,340.5,0,0,0,84
5,SO,305530000,704.372,12.667088999131174,56.04144740632206,14.8,340.8,0,0,0,84
5,SO,305530000,723.067,12.666337591103574,56.04265324852883,14.3,341.3,0,0,0,84
5,SO,305530000,742.466,12.66559739697047,56.043872512618414,14.4,341.7,0,0,0,84
5,SO,305530000,763.198,12.664818924937332,56.04518561074316,14.9,341.9,0,0,0,84
5,SO,305530000,785.369,12.663966961997293,56.04663812278655,15.1,341.6,0,0,0,84
5,SO,305530000,808.015,12.663071295596312,56.04813837836923,14.9,340.7,0,0,0,84
6,GW,265041000,25.125,12.618331269026635,56.032659187775074,5.1,77.3,0,0,0,73
6,GW,265041000,48.632,12.619291319617206,56.03278003523336,6.3,74.4,0,0,0,73
6,GW,265041000,71.104,12.62042582428619,56.03295720768151,7.3,73.4,0,0,0,73
6,GW,265041000,93.121,12.621707861907856,56.033171315795364,8.1,73.3,0,0,0,73
6,GW,265041000,115.215,12.623130066868724,56.033409945198514,8.7,73.3,0,0,0,73
6,GW,265041000,137.372,12.624659803551008,56.03366644175805,9.1,73.0,0,0,0,73
6,GW,265041000,159.251,12.626240517376008,56.03393592608407,9.4,72.5,0,0,0,73
6,GW,265041000,180.694,12.62783686604729,56.03421755283136,9.7,71.6,0,0,0,73
6,GW,265041000,201.773,12.629443433929978,56.03451599559597,9.9,71.0,0,0,0,73
6,GW,265041000,222.579,12.631058718371088,56.03482697480301,10.0,72.2,0,0,0,73
6,GW,265041000,243.228,12.632685401054468,56.03511871930597,9.9,75.4,0,0,0,73
6,GW,265041000,263.822,12.634326069442583,56.0353578966896,9.9,78.6,0,0,0,73
6,GW,265041000,284.293,12.635970314997467,56.03554373347426,9.9,80.5,0,0,0,73
6,GW,265041000,304.468,12.637599912403564,56.03569627994673,9.9,81.4,0,0,0,73
6,GW,265041000,324.221,12.639205383982727,56.03583266615836,10.0,81.4,0,0,0,73
6,GW,265041000,343.488,12.640782909516323,56.0359655661657,10.0,81.7,0,0,0,73
6,GW,265041000,362.605,12.64234431938544,56.03609260476371,9.8,82.8,0,0,0,73
6,GW,265041000,382.1,12.643909489567541,56.036203729292644,9.7,83.5,0,0,0,73
6,GW,265041000,401.977,12.645492714468404,56.03630407627466,9.9,83.2,0,0,0,73
6,GW,265041000,421.85,12.647104777111695,56.03641125191309,10.0,82.9,0,0,0,73
6,GW,265041000,441.37,12.648711353218015,56.03652350390917,9.9,83.2,0,0,0,73
6,GW,265041000,460.237,12.650248615956844,56.03662543844403,9.7,83.5,0,0,0,73
6,GW,265041000,478.47,12.651709714933947,56.03671777045514,9.7,83.2,0,0,0,73
6,GW,265041000,496.374,12.653133161782687,56.03681293155825,9.7,82.6,0,0,0,73
6,GW,265041000,514.632,12.654583471079635,56.03691822970426,9.7,82.5,0,0,0,73
6,GW,265041000,534.451,12.656163521285615,56.037033949927135,9.8,82.8,0,0,0,73
6,GW,265041000,556.014,12.657894082449959,56.03715624894596,9.8,82.7,0,0,0,73
6,GW,265041000,577.21,12.659603972445996,56.03727909001055,9.9,82.2,0,0,0,73
6,GW,265041000,596.098,12.661131484710086,56.03739534510562,9.8,82.2,0,0,0,73
6,GW,265041000,613.556,12.662541530486383,56.03750259772817,9.8,82.8,0,0,0,73
6,GW,265041000,631.435,12.663978464288082,56.037603430965696,9.7,83.5,0,0,0,73
6,GW,265041000,650.33,12.665488282429788,56.03770023069228,9.7,83.6,0,0,0,73
6,GW,265041000,669.955,12.667049473871813,56.037797660875626,9.6,83.3,0,0,0,73
6,SO,212172000,25.125,12.680769516845816,56.00667369870506,14.6,342.9,0,0,0,84
6,SO,212172000,48.632,12.679935441863208,56.008188963068065,15.0,343.1,0,0,0,84
6,SO,212172000,71.104,12.67912592308213,56.00967923933037,14.9,343.2,0,0,0,84
6,SO,212172000,93.121,12.678341073702981,56.01113136402969,14.4,343.2,0,0,0,84
6,SO,212172000,115.215,12.677578576908966,56.01253934341166,14.0,343.1,0,0,0,84
6,SO,212172000,137.372,12.676829618843202,56.01391481595802,14.1,343.0,0,0,0,84
6,SO,212172000,159.251,12.676080837835563,56.015281576085236,14.5,342.9,0,0,0,84
6,SO,212172000,180.694,12.675326524879388,56.0166535344138,14.8,342.9,0,0,0,84
6,SO,212172000,201.773,12.674568746803741,56.018034356101154,15.1,343.0,0,0,0,84
6,SO,212172000,222.579,12.673811600447547,56.01942050656324,15.0,343.0,0,0,0,84
6,SO,212172000,243.228,12.673065176212642,56.02078791672215,14.5,343.0,0,0,0,84
6,SO,212172000,263.822,12.672339544041916,56.02211169545883,14.2,342.9,0,0,0,84
6,SO,212172000,284.293,12.671634079329426,56.02339450268585,14.1,342.9,0,0,0,84
6,SO,212172000,304.468,12.670940674770833,56.02465644331213,14.5,342.9,0,0,0,84
6,SO,212172000,324.221,12.670243674163766,56.025920403942095,15.1,342.7,0,0,0,84
6,SO,212172000,343.488,12.669528024558153,56.02720418832862,15.3,342.5,0,0,0,84
6,SO,212172000,362.605,12.668803071865884,56.0284913076684,14.6,342.4,0,0,0,84
6,SO,212172000,382.1,12.6680891844309,56.02974951773458,14.1,342.3,0,0,0,84
6,SO,212172000,401.977,12.667385389385442,56.030984055204755,14.3,342.3,0,0,0,84
6,SO,212172000,421.85,12.666672339599128,56.03223303520888,14.6,342.3,0,0,0,84
6,SO,212172000,441.37,12.665953805567392,56.03349005678412,14.7,342.2,0,0,0,84
6,SO,212172000,460.237,12.665251254388352,56.034714526981936,14.8,342.1,0,0,0,84
6,SO,212172000,478.47,12.664565183188724,56.035898813181,14.8,341.8,0,0,0,84
6,SO,212172000,496.374,12.663878132541162,56.03706406848858,14.9,341.6,0,0,0,84
6,SO,212172000,514.632,12.663169624407882,56.03825539561383,14.8,342.1,0,0,0,84
6,SO,212172000,534.451,12.66241982247253,56.039550912869906,14.8,342.9,0,0,0,84
6,SO,212172000,556.014,12.661641940773153,56.04096236732715,14.8,343.1,0,0,0,84
6,SO,212172000,577.21,12.660886960137661,56.04235243453928,14.9,342.8,0,0,0,84
6,SO,212172000,596.098,12.66019738246127,56.04359383580378,14.9,342.4,0,0,0,84
6,SO,212172000,613.556,12.659544000259682,56.04474276863148,15.0,342.1,0,0,0,84
6,SO,212172000,631.435,12.658864144517867,56.045919693251676,15.0,341.9,0,0,0,84
6,SO,212172000,650.33,12.658135533973278,56.04716163454269,14.9,341.5,0,0,0,84
6,SO,212172000,669.955,12.657366583146707,56.04844644707045,14.9,341.1,0,0,0,84
7,GW,265041000,27.882,12.631714653460389,56.035137723740576,9.8,75.4,0,0,0,73
7,GW,265041000,34.629,12.632244209455921,56.03521463113357,9.7,76.6,0,0,0,73
7,GW,265041000,42.148,12.632832612070619,56.03529287900164,9.6,77.7,0,0,0,73
7,GW,265041000,50.409,12.63347200387532,56.035370527439255,9.4,78.3,0,0,0,73
7,GW,265041000,59.031,12.634132081793574,56.03544664833435,9.4,78.3,0,0,0,73
7,GW,265041000,68.034,12.634815132067818,56.035525770194305,9.3,77.8,0,0,0,73
7,GW,265041000,79.918,12.63571249545134,56.03563446664978,9.4,76.5,0,0,0,73
7,GW,265041000,97.962,12.637082973730767,56.0358186392852,9.7,75.3,0,0,0,73
7,GW,265041000,122.022,12.638953167250062,56.03609293334729,10.0,76.5,0,0,0,73
7,GW,265041000,147.422,12.641002632572443,56.03636751126457,10.2,79.5,0,0,0,73
7,GW,265041000,171.244,12.642979244619477,56.03657162576281,10.0,82.7,0,0,0,73
7,GW,265041000,194.092,12.644852214336654,56.036705357161914,9.5,86.3,0,0,0,73
7,GW,265041000,216.681,12.646618949573016,56.03676854472632,8.8,90.8,0,0,0,73
7,GW,265041000,239.168,12.648255762770214,56.03675652611672,8.1,95.9,0,0,0,73
7,GW,265041000,261.594,12.649752332404633,56.03666954199236,7.8,99.7,0,0,0,73
7,GW,265041000,283.827,12.651173989007058,56.03653432040504,8.0,100.8,0,0,0,73
7,GW,265041000,305.698,12.652596884998575,56.03638197870652,8.2,101.8,0,0,0,73
7,GW,265041000,327.141,12.654022547615106,56.03621611899701,8.2,103.7,0,0,0,73
7,GW,265041000,348.146,12.655415979834757,56.03602646378643,8.2,106.3,0,0,0,73
7,GW,265041000,368.564,12.656753022054637,56.03580773926375,8.3,109.1,0,0,0,73
7,GW,265041000,388.059,12.658020394837088,56.03556218433826,8.5,111.7,0,0,0,73
7,GW,265041000,406.378,12.659215867926461,56.0352957310142,8.9,113.2,0,0,0,73
7,GW,265041000,423.801,12.660397032384902,56.03501352110563,9.5,113.3,0,0,0,73
7,GW,265041000,440.815,12.66163175594457,56.03471698338756,9.8,112.5,0,0,0,73
7,GW,265041000,458.293,12.662940956863237,56.03441349648305,9.2,110.8,0,0,0,73
7,GW,265041000,477.357,12.664298045959715,56.03412473570865,8.2,105.1,0,0,0,73
7,GW,265041000,498.218,12.665673149879403,56.033917792533664,8.1,91.2,0,0,0,73
7,GW,265041000,519.814,12.667128843800935,56.03390075384223,9.2,75.6,0,0,0,73
7,GW,265041000,541.287,12.668721448774878,56.03412884544376,9.8,67.3,0,0,0,73
7,GW,265041000,563.009,12.670343070722753,56.034507607012394,8.9,63.8,0,0,0,73
7,GW,265041000,585.611,12.671844941777339,56.034920327790616,8.2,61.7,0,0,0,73
7,GW,265041000,609.128,12.673242877188834,56.03534064397495,8.4,60.0,0,0,0,73
7,GW,265041000,633.31,12.674697865003449,56.035810349113724,9.0,56.9,0,0,0,73
7,GW,265041000,659.406,12.676321874714306,56.03640103583066,9.2,49.8,0,0,0,73
7,SO,231860000,27.882,12.685775706174905,56.01702434285865,4.8,313.6,0,0,0,84
7,SO,231860000,34.629,12.685581846573006,56.01712761619623,5.1,318.1,0,0,0,84
7,SO,231860000,42.148,12.685368176398818,56.01726057777338,5.6,322.9,0,0,0,84
7,SO,231860000,50.409,12.685136762687643,56.017431628847035,6.1,327.5,0,0,0,84
7,SO,231860000,59.031,12.684902085705357,56.01763781484535,6.7,331.7,0,0,0,84
7,SO,231860000,68.034,12.684667293275536,56.01788190977744,7.2,335.0,0,0,0,84
7,SO,231860000,79.918,12.68436792330499,56.01824052212279,7.7,336.8,0,0,0,84
7,SO,231860000,97.962,12.683912585757156,56.01883494707848,8.3,337.5,0,0,0,84
7,SO,231860000,122.022,12.683281020912341,56.01968598951177,8.8,338.4,0,0,0,84
7,SO,231860000,147.422,12.682595202444956,56.02065166924035,9.4,339.0,0,0,0,84
7,SO,231860000,171.244,12.681934194198119,56.021615811875684,9.9,338.9,0,0,0,84
7,SO,231860000,194.092,12.681262590368734,56.02258763367448,10.3,338.4,0,0,0,84
7,SO,231860000,216.681,12.680552644486129,56.0235873153133,10.6,338.2,0,0,0,84
7,SO,231860000,239.168,12.679819988070916,56.02461312865746,10.8,338.5,0,0,0,84
7,SO,231860000,261.594,12.679083558616037,56.025657172687566,10.9,338.5,0,0,0,84
7,SO,231860000,283.827,12.678352457313778,56.02669676364735,10.8,338.3,0,0,0,84
7,SO,231860000,305.698,12.677632061148167,56.02770937018849,10.8,338.2,0,0,0,84
7,SO,231860000,327.141,12.676918132667522,56.02870673406031,11.2,338.4,0,0,0,84
7,SO,231860000,348.146,12.676202071788516,56.02971630664281,11.6,338.6,0,0,0,84
7,SO,231860000,368.564,12.67548550440521,56.0307396471415,12.0,338.7,0,0,0,84
7,SO,231860000,388.059,12.674783321631258,56.03174648538663,12.2,338.7,0,0,0,84
7,SO,231860000,406.378,12.674110011077603,56.03270986786217,12.3,338.7,0,0,0,84
7,SO,231860000,423.801,12.673467294391447,56.03363122071918,12.2,338.9,0,0,0,84
7,SO,231860000,440.815,12.672847790191119,56.034526662872025,12.2,339.1,0,0,0,84
7,SO,231860000,458.293,12.672216281421818,56.0354492086164,12.5,339.3,0,0,0,84
7,SO,231860000,477.357,12.671517595134809,56.03648019353281,12.9,339.4,0,0,0,84
7,SO,231860000,498.218,12.670734429440834,56.03764328199152,13.0,339.4,0,0,0,84
7,SO,231860000,519.814,12.669914229877001,56.03885969626238,12.9,339.2,0,0,0,84
7,SO,231860000,541.287,12.669099723589293,56.040059408147066,12.9,339.2,0,0,0,84
7,SO,231860000,563.009,12.668277762162571,56.04127109278896,13.0,339.5,0,0,0,84
7,SO,231860000,585.611,12.667422917452896,56.04254537099508,13.1,339.6,0,0,0,84
7,SO,231860000,609.128,12.666532254144144,56.0438837966839,13.1,339.6,0,0,0,84
7,SO,231860000,633.31,12.665614139306545,56.04525933821532,13.1,339.7,0,0,0,84
7,SO,231860000,659.406,12.66463467234065,56.046737224379406,13.0,340.5,0,0,0,84
8,GW,219230000,54.954,12.684186818176999,56.04023304093905,8.8,224.0,0,0,0,73
8,GW,219230000,75.007,12.683172264243389,56.03964573390963,8.2,225.5,0,0,0,73
8,GW,219230000,91.288,12.682382707664981,56.039212477787245,7.4,227.0,0,0,0,73
8,GW,219230000,104.681,12.681786311120641,56.0389015445811,6.9,228.2,0,0,0,73
8,GW,219230000,116.062,12.68129994266231,56.038658909964,7.5,228.7,0,0,0,73
8,GW,219230000,126.294,12.680824193072633,56.038425749638954,8.7,228.6,0,0,0,73
8,GW,219230000,136.17,12.680287661056152,56.03816185387694,9.7,228.3,0,0,0,73
8,GW,219230000,145.509,12.679729199188415,56.03788417830415,9.7,228.0,0,0,0,73
8,GW,219230000,153.548,12.679251604119633,56.03764354293675,9.3,227.7,0,0,0,73
8,GW,219230000,162.607,12.67873809049929,56.03738219769472,8.9,228.0,0,0,0,73
8,GW,219230000,178.426,12.677874459313092,56.03694761604485,8.7,230.3,0,0,0,73
8,GW,219230000,204.554,12.676427442769727,56.036276593466134,8.7,234.8,0,0,0,73
8,GW,219230000,232.759,12.674760321726998,56.03561956504652,9.0,239.7,0,0,0,73
8,GW,219230000,252.274,12.673510805983513,56.035211555112845,9.2,243.8,0,0,0,73
8,GW,219230000,264.235,12.6726975168229,56.03498806374316,9.3,247.8,0,0,0,73
8,GW,219230000,276.762,12.671803975106789,56.03478431039013,9.4,252.7,0,0,0,73
8,GW,219230000,294.022,12.670526538626687,56.03456163620816,9.0,258.6,0,0,0,73
8,GW,219230000,316.091,12.668906493322572,56.034379907272964,8.7,264.8,0,0,0,73
8,GW,219230000,341.298,12.66709994823284,56.03428821673905,9.4,267.1,0,0,0,73
8,GW,219230000,364.994,12.6652664884463,56.034235423098494,10.4,266.4,0,0,0,73
8,GW,219230000,384.638,12.663572556703219,56.03417578679788,10.9,266.2,0,0,0,73
8,GW,219230000,402.745,12.661940698737995,56.03411534433058,10.9,266.4,0,0,0,73
8,GW,219230000,421.498,12.660246380149363,56.034055561129506,10.8,266.4,0,0,0,73
8,GW,219230000,440.618,12.658541936644431,56.033995951060184,10.6,266.2,0,0,0,73
8,GW,219230000,459.545,12.656891345303395,56.03393548634694,10.4,266.0,0,0,0,73
8,GW,219230000,478.115,12.655293768223752,56.03387338001306,10.4,265.8,0,0,0,73
8,GW,219230000,496.313,12.653732729426142,56.033810055113186,10.4,266.1,0,0,0,73
8,GW,219230000,514.439,12.652178306088793,56.03375142664731,10.4,267.0,0,0,0,73
8,GW,219230000,532.843,12.650600645627968,56.033705588142446,10.3,268.4,0,0,0,73
8,GW,219230000,551.284,12.649020797484477,56.03368071105032,10.3,270.1,0,0,0,73
8,GW,219230000,569.202,12.647486916384967,56.03368193837958,10.4,271.3,0,0,0,73
8,GW,219230000,586.705,12.64598453011477,56.033701399573886,10.5,271.4,0,0,0,73
8,GW,219230000,604.54,12.644439088042294,56.03372314088361,10.6,271.0,0,0,0,73
8,GW,219230000,623.046,12.642815216479887,56.033738563687706,10.7,271.0,0,0,0,73
8,GW,219230000,641.73,12.641162947245062,56.03375514105439,10.7,271.7,0,0,0,73
8,SO,248221000,54.954,12.646723884019613,56.04667327996137,11.2,156.9,0,0,0,77
8,SO,248221000,75.007,12.647449791754346,56.04572114490331,10.4,159.0,0,0,0,77
8,SO,248221000,91.288,12.647953821416364,56.04498889881983,9.9,162.5,0,0,0,77
8,SO,248221000,104.681,12.648285293244157,56.04440244726693,9.8,167.3,0,0,0,77
8,SO,248221000,116.062,12.648487787076306,56.043901593552526,10.0,173.2,0,0,0,77
8,SO,248221000,126.294,12.648587992253304,56.04343143778567,10.6,179.4,0,0,0,77
8,SO,248221000,136.17,12.648596331160709,56.04294688051489,10.9,184.5,0,0,0,77
8,SO,248221000,145.509,12.648530484605958,56.042476771975316,10.5,188.2,0,0,0,77
8,SO,248221000,153.548,12.648430899466739,56.04208863651363,9.8,191.7,0,0,0,77
8,SO,248221000,162.607,12.648281119862938,56.04168513290616,8.8,197.5,0,0,0,77
8,SO,248221000,178.426,12.647933828373816,56.04106849523124,7.6,207.1,0,0,0,77
8,SO,248221000,204.554,12.647183990382413,56.04025163504778,7.6,207.6,0,0,0,77
8,SO,248221000,232.759,12.646358646272255,56.03937074678252,9.3,196.2,0,0,0,77
8,SO,248221000,252.274,12.64594139165379,56.03856821203018,10.6,186.7,0,0,0,77
8,SO,248221000,264.235,12.645818534365299,56.03798370398394,11.4,178.5,0,0,0,77
8,SO,248221000,276.762,12.645850201634548,56.03732174076523,12.1,170.3,0,0,0,77
8,SO,248221000,294.022,12.646142348552077,56.03636940524723,12.1,164.4,0,0,0,77
8,SO,248221000,316.091,12.646739345181967,56.0351748555289,11.6,160.9,0,0,0,77
8,SO,248221000,341.298,12.647531346601298,56.03389577826536,12.0,158.4,0,0,0,77
8,SO,248221000,364.994,12.648397432176461,56.03267532616844,12.8,157.1,0,0,0,77
8,SO,248221000,384.638,12.649206565586395,56.03160560553116,12.9,156.4,0,0,0,77
8,SO,248221000,402.745,12.649981746975099,56.03061186865013,12.7,156.2,0,0,0,77
8,SO,248221000,421.498,12.650780076633682,56.02960236613324,12.7,156.3,0,0,0,77
8,SO,248221000,440.618,12.651589403894386,56.028570843141814,13.0,156.9,0,0,0,77
8,SO,248221000,459.545,12.652386622909873,56.027524492568034,13.1,157.8,0,0,0,77
8,SO,248221000,478.115,12.65314883033367,56.026478828146395,13.2,158.9,0,0,0,77
8,SO,248221000,496.313,12.653863714930496,56.02544561695039,13.2,159.3,0,0,0,77
8,SO,248221000,514.439,12.654565064004698,56.02441068069354,13.3,158.9,0,0,0,77
8,SO,248221000,532.843,12.655296393188976,56.023354117086974,13.4,158.4,0,0,0,77
8,SO,248221000,551.284,12.656049808314348,56.02229035295517,13.5,158.4,0,0,0,77
8,SO,248221000,569.202,12.656786177044884,56.02125317742801,13.4,158.6,0,0,0,77
8,SO,248221000,586.705,12.657492812711324,56.020243350405615,13.1,159.2,0,0,0,77
8,SO,248221000,604.54,12.658181128114474,56.0192299221222,12.9,159.8,0,0,0,77
8,SO,248221000,623.046,12.658862708112819,56.018191822914886,13.2,160.0,0,0,0,77
8,SO,248221000,641.73,12.659560592673147,56.01712213172356,14.0,159.5,0,0,0,77
9,GW,219622000,76.306,12.622087385630975,56.03417180774248,11.0,68.7,0,0,0,73
9,GW,219622000,99.315,12.624031935344,56.03459473432802,11.4,69.5,0,0,0,73
9,GW,219622000,122.025,12.6260416377821,56.03501373482242,11.7,70.4,0,0,0,73
9,GW,219622000,144.431,12.628091296269696,56.035421889665166,12.3,71.0,0,0,0,73
9,GW,219622000,166.023,12.630173503977556,56.03582156455631,12.9,71.3,0,0,0,73
9,GW,219622000,186.709,12.632266299847863,56.03621626680907,13.0,71.1,0,0,0,73
9,GW,219622000,207.154,12.634354103664249,56.03661497678966,12.8,70.6,0,0,0,73
9,GW,219622000,227.986,12.636429270601043,56.03702326833895,12.4,71.2,0,0,0,73
9,GW,219622000,249.106,12.638477221558244,56.037413113901046,12.0,73.6,0,0,0,73
9,GW,219622000,270.153,12.640484233198144,56.037743385649875,11.3,78.2,0,0,0,73
9,GW,219622000,290.908,12.642391970960038,56.037965939618424,10.1,86.3,0,0,0,73
9,GW,219622000,311.306,12.644100431634566,56.03802761870997,8.9,98.0,0,0,0,73
9,GW,219622000,331.339,12.645560297098822,56.03791279053136,8.2,105.9,0,0,0,73
9,GW,219622000,351.172,12.646860619492045,56.03770618561398,8.0,108.1,0,0,0,73
9,GW,219622000,370.929,12.648098407811295,56.037480370188675,8.1,110.5,0,0,0,73
9,GW,219622000,390.481,12.649330879208273,56.037223013733026,8.5,113.2,0,0,0,73
9,GW,219622000,409.768,12.650581670048913,56.03692334157062,8.2,113.4,0,0,0,73
9,GW,219622000,429.197,12.651790168102224,56.036631373421706,7.1,110.7,0,0,0,73
9,GW,219622000,449.148,12.65288983668353,56.036398981312146,6.4,108.5,0,0,0,73
9,GW,219622000,469.393,12.653914045430284,56.03620703386172,6.4,108.6,0,0,0,73
9,GW,219622000,489.734,12.65492865321711,56.03601644644028,6.3,109.1,0,0,0,73
9,GW,219622000,510.852,12.6559625017035,56.03581591242561,6.0,109.8,0,0,0,73
9,GW,219622000,533.572,12.657022008728365,56.03560330884967,5.7,110.7,0,0,0,73
9,GW,219622000,557.141,12.658070632510139,56.03538220659157,5.7,111.9,0,0,0,73
9,GW,219622000,579.608,12.65905918272071,56.035160281861515,5.8,110.5,0,0,0,73
9,GW,219622000,600.645,12.66000621336596,56.03496222373919,5.9,103.6,0,0,0,73
9,GW,219622000,621.876,12.661010894367426,56.03482596606632,6.2,92.7,0,0,0,73
9,GW,219622000,644.461,12.662169634786505,56.0347958571306,7.0,83.5,0,0,0,73
9,GW,219622000,667.794,12.66352169182745,56.03488256562632,8.3,77.9,0,0,0,73
9,GW,219622000,691.144,12.665090078953902,56.03507012114506,9.7,75.6,0,0,0,73
9,GW,219622000,714.941,12.666938486331782,56.035335483645504,11.1,75.5,0,0,0,73
9,SO,230091950,76.306,12.677520405978365,56.01139493232521,12.8,345.4,0,0,0,84
9,SO,230091950,99.315,12.676906549322338,56.01270877723475,12.5,345.6,0,0,0,84
9,SO,230091950,122.025,12.676325236163635,56.013976753574546,12.3,345.8,0,0,0,84
9,SO,230091950,144.431,12.675765000032476,56.01521284867982,12.6,345.7,0,0,0,84
9,SO,230091950,166.023,12.675210378813967,56.0164294832184,13.0,345.6,0,0,0,84
9,SO,230091950,186.709,12.674657698455091,56.01763257330942,13.1,345.8,0,0,0,84
9,SO,230091950,207.154,12.674113903275957,56.018831952135095,12.9,346.2,0,0,0,84
9,SO,230091950,227.986,12.673582323043947,56.02003897521368,12.8,346.1,0,0,0,84
9,SO,230091950,249.106,12.673047147053099,56.02124960055687,12.8,345.4,0,0,0,84
9,SO,230091950,270.153,12.672484660723608,56.02245576159018,12.9,344.9,0,0,0,84
9,SO,230091950,290.908,12.671907916161583,56.0236491281036,12.8,345.5,0,0,0,84
9,SO,230091950,311.306,12.671364978402831,56.024821380975496,12.7,346.7,0,0,0,84
9,SO,230091950,331.339,12.670877391369817,56.025969685035555,12.8,346.5,0,0,0,84
9,SO,230091950,351.172,12.670388837730501,56.027108323799474,12.9,345.4,0,0,0,84
9,SO,230091950,370.929,12.669859796501767,56.02824596724007,12.7,345.7,0,0,0,84
9,SO,230091950,390.481,12.66934985413518,56.029361978730314,12.5,347.1,0,0,0,84
9,SO,230091950,409.768,12.668903944903489,56.03044626907012,12.6,347.0,0,0,0,84
9,SO,230091950,429.197,12.668449940746138,56.031547658741594,13.0,345.6,0,0,0,84
9,SO,230091950,449.148,12.667914560384652,56.03271299820503,13.2,345.4,0,0,0,84
9,SO,230091950,469.393,12.667358302466736,56.03390947371925,13.0,346.7,0,0,0,84
9,SO,230091950,489.734,12.66685767133677,56.035096815750975,12.8,347.2,0,0,0,84
9,SO,230091950,510.852,12.666362477686606,56.03631394521061,12.8,346.0,0,0,0,84
9,SO,230091950,533.572,12.665783048937922,56.03761579739689,12.8,345.1,0,0,0,84
9,SO,230091950,557.141,12.665137822842578,56.03896908497227,12.9,345.9,0,0,0,84
9,SO,230091950,579.608,12.664550897686986,56.04027163442972,12.9,346.8,0,0,0,84
9,SO,230091950,600.645,12.66403691814956,56.04149622128342,12.8,346.2,0,0,0,84
9,SO,230091950,621.876,12.663500462302094,56.04271313781841,12.5,344.5,0,0,0,84
9,SO,230091950,644.461,12.662872936354006,56.04397541587266,12.6,344.0,0,0,0,84
9,SO,230091950,667.794,12.662202615665406,56.04528426671038,13.0,345.0,0,0,0,84
9,SO,230091950,691.144,12.661553929981785,56.04663734688653,13.1,345.2,0,0,0,84
9,SO,230091950,714.941,12.660895638502566,56.04802983809338,12.8,343.8,0,0,0,84
